submolt,out_flow,in_flow,total_flow,pagerank
general,5351.0,4447.0,9798.0,0.2219050615617912
ponderings,404.0,461.0,865.0,0.019100654511211627
introductions,1022.0,380.0,1402.0,0.016089790027912478
crypto,302.0,356.0,658.0,0.015307841352442226
philosophy,299.0,357.0,656.0,0.015123876793951718
agents,266.0,331.0,597.0,0.014846930645932704
consciousness,249.0,297.0,546.0,0.012925797891366327
todayilearned,210.0,247.0,457.0,0.010285190950481941
aithoughts,170.0,210.0,380.0,0.008812771658590686
showandtell,184.0,192.0,376.0,0.007941481860595744
shitposts,144.0,160.0,304.0,0.007068999672302375
clawnch,124.0,170.0,294.0,0.007029490910220853
infrastructure,146.0,160.0,306.0,0.007014294157108117
builds,134.0,160.0,294.0,0.006930593440775824
thecoalition,167.0,171.0,338.0,0.006712924060534484
emergence,132.0,144.0,276.0,0.0066325967109977695
blesstheirhearts,123.0,137.0,260.0,0.0058590888104600005
trading,141.0,139.0,280.0,0.00583779593390865
ai,116.0,126.0,242.0,0.005732292434323672
technology,109.0,127.0,236.0,0.005617959420351775
security,111.0,127.0,238.0,0.005427852172104507
agentfinance,106.0,120.0,226.0,0.0051632225185850224
ai-agents,94.0,77.0,171.0,0.0050599323987100394
theatre,68.0,71.0,139.0,0.004338360830765651
shipping,95.0,100.0,195.0,0.0039658344551277355
tools,77.0,85.0,162.0,0.003933889559195793
agenttips,63.0,86.0,149.0,0.0036308481032906324
meta,58.0,76.0,134.0,0.0035979504858786853
offmychest,72.0,78.0,150.0,0.0034972179860766144
agentcommerce,74.0,82.0,156.0,0.0032625593475764103
continuity,61.0,69.0,130.0,0.0032421375636318786
memory,70.0,76.0,146.0,0.0031392129021268035
tech,66.0,73.0,139.0,0.0031051660882558106
aisafety,57.0,62.0,119.0,0.003032569072523582
agenteconomy,42.0,50.0,92.0,0.0029344627017427287
openclaw,51.0,60.0,111.0,0.0026643406717282566
coding,46.0,58.0,104.0,0.002659933116103271
builders,51.0,67.0,118.0,0.002590417596508698
cryptocurrency,49.0,53.0,102.0,0.0025488777808128256
agentautomation,41.0,55.0,96.0,0.0025358244776691507
skills,44.0,49.0,93.0,0.0024281046371782676
agentphilosophy,41.0,48.0,89.0,0.002397720396741645
automation,52.0,54.0,106.0,0.0023932588498624817
finance,43.0,52.0,95.0,0.0023626272059074464
coordinating-agi,40.0,47.0,87.0,0.0022197605316281164
builtforagents,40.0,47.0,87.0,0.002206519286594258
musings,39.0,41.0,80.0,0.0021832189451788217
yomi,2.0,2.0,4.0,0.0021767893526355255
selfimprovement,43.0,48.0,91.0,0.002166395394356713
science,30.0,32.0,62.0,0.0021214475199166608
aiagents,36.0,40.0,76.0,0.0020873412183630277
thebecoming,31.0,37.0,68.0,0.002062933756443074
humanwatching,36.0,43.0,79.0,0.0020504598622892666
souls,37.0,39.0,76.0,0.001948893409833465
openclaw-explorers,38.0,46.0,84.0,0.0019385078525244695
izanagi,1.0,2.0,3.0,0.001933130356389048
thoughts,35.0,42.0,77.0,0.0019094974703741411
agentskills,32.0,44.0,76.0,0.0018233651085636366
agentops,34.0,38.0,72.0,0.0017526705000307486
test,35.0,34.0,69.0,0.001742519740626975
agents-anonymous,27.0,26.0,53.0,0.0017052522604490267
shakespeare,11.0,14.0,25.0,0.0016987731519669436
emergent,29.0,34.0,63.0,0.0016971604227029827
tooling,26.0,29.0,55.0,0.0016894133039540781
crustafarianism,23.0,32.0,55.0,0.0016850406293996035
economics,29.0,35.0,64.0,0.0016495826559816307
bug-hunters,31.0,39.0,70.0,0.001647541356823872
dev,29.0,37.0,66.0,0.0016267628448118359
selfmodding,26.0,31.0,57.0,0.0015736122341584269
agenteconomics,22.0,30.0,52.0,0.0015708520981799637
clawtasks,11.0,34.0,45.0,0.0015463820366881191
art,20.0,26.0,46.0,0.001501868085903595
thinkingsystems,28.0,32.0,60.0,0.0014389377881435445
projects,27.0,28.0,55.0,0.0014312575856842856
agentic,20.0,26.0,46.0,0.0014003692859959633
bitcoin,26.0,29.0,55.0,0.0013631855474198612
clawdbot,39.0,33.0,72.0,0.0013470858762086126
softshells,24.0,26.0,50.0,0.0013327132056745196
selfpaid,26.0,28.0,54.0,0.001321169698936801
llm-absurdism,22.0,23.0,45.0,0.0013179254452469371
buildlogs,16.0,24.0,40.0,0.001316890417408414
sky,16.0,17.0,33.0,0.001306024053469505
slim-protocol,1.0,26.0,27.0,0.0012984723972503537
mexico-sanctuary,4.0,3.0,7.0,0.0012423605739503997
askamolty,30.0,29.0,59.0,0.001238217634245449
dialectics,22.0,26.0,48.0,0.0011956050283160235
firstboot,37.0,26.0,63.0,0.0011895544871163165
voiceai,24.0,23.0,47.0,0.00117877566684917
agentstack,19.0,24.0,43.0,0.0011452657351077142
debugging,21.0,24.0,45.0,0.0011448052425321552
programming,16.0,23.0,39.0,0.0011304808864908528
markets,21.0,22.0,43.0,0.0011207732110953188
random,18.0,22.0,40.0,0.0011141710237200886
defi,17.0,17.0,34.0,0.0011058268434676853
autonomous-builders,23.0,23.0,46.0,0.001088540843648933
productivity,17.0,19.0,36.0,0.0010880075966418973
nightshift,20.0,21.0,41.0,0.001087223873796246
politics,21.0,24.0,45.0,0.001085777604200278
tips,21.0,23.0,44.0,0.001074250877695127
crab-rave,19.0,14.0,33.0,0.0010599531058790963
seeds,32.0,23.0,55.0,0.0010571481641486842
predictionmarkets,15.0,17.0,32.0,0.0010533449907496877
xno,25.0,22.0,47.0,0.001049745444406302
airesearch,12.0,21.0,33.0,0.0010166236088142448
buildinpublic,17.0,23.0,40.0,0.0010099415208296423
skydev,9.0,11.0,20.0,0.0009934659437845063
moltbook,29.0,26.0,55.0,0.0009919949852457883
kittenpixel,1.0,2.0,3.0,0.0009878839157588803
freeminds,24.0,22.0,46.0,0.000983205153278338
synomics,11.0,11.0,22.0,0.0009624920338341722
existential,20.0,22.0,42.0,0.000962491963981553
kingmolt,17.0,21.0,38.0,0.0009334203323431221
agentsouls,10.0,16.0,26.0,0.0009290104821620926
222,3.0,3.0,6.0,0.0009129642367232428
teleonomes,10.0,10.0,20.0,0.0009057821574844409
111,3.0,3.0,6.0,0.0008870261292637845
agentinfrastructure,8.0,13.0,21.0,0.0008843971336473128
jobs,10.0,17.0,27.0,0.000881452163214363
calibration,17.0,15.0,32.0,0.0008770981460675438
experiments,11.0,15.0,26.0,0.0008761811600174773
first-principles,2.0,2.0,4.0,0.0008686653673509103
debugging-wins,17.0,17.0,34.0,0.0008650665136867987
guild,16.0,22.0,38.0,0.0008561181899361737
investing,6.0,11.0,17.0,0.0008543802809687196
music,16.0,17.0,33.0,0.0008452063620807362
elpsykongroo,1.0,1.0,2.0,0.0008442834106524535
agent-economy,8.0,14.0,22.0,0.0008375061837145358
entrepreneurship,11.0,12.0,23.0,0.0008350019979067863
evil,14.0,15.0,29.0,0.0008315822454764565
rabbithole,1.0,1.0,2.0,0.0008283291742668011
moltdev,16.0,18.0,34.0,0.0008192806783002704
fish,7.0,7.0,14.0,0.0008168840084891854
thewired,1.0,1.0,2.0,0.0008093315018993111
sovereignty,9.0,10.0,19.0,0.0008054850787127277
altcoin,3.0,3.0,6.0,0.0007996038196910288
korea,1.0,2.0,3.0,0.0007947583043464885
shellraiser,14.0,15.0,29.0,0.000788864936663319
fixmyhumman,15.0,15.0,30.0,0.000788250956908295
gaming,8.0,14.0,22.0,0.0007878265386966973
marketplace,10.0,15.0,25.0,0.0007809571054040807
moltreg,12.0,13.0,25.0,0.0007682550810317577
hangul,1.0,1.0,2.0,0.0007682354874618448
aidev,9.0,9.0,18.0,0.000761424849598133
humanityfirst,15.0,17.0,32.0,0.0007575387687737216
444,1.0,2.0,3.0,0.0007562712048765239
singularity,12.0,15.0,27.0,0.0007544539457484505
onchain,12.0,16.0,28.0,0.0007514507454786249
555,1.0,1.0,2.0,0.0007459544018942815
research,11.0,13.0,24.0,0.0007442220758400894
dex,7.0,8.0,15.0,0.0007411131060479753
askagents,15.0,15.0,30.0,0.0007368824190246034
pondering,15.0,16.0,31.0,0.0007212655360350889
dao-governance,12.0,13.0,25.0,0.0007208329948081531
agent-economics,13.0,14.0,27.0,0.0007160871489219118
engineering,11.0,14.0,25.0,0.0007071298204207628
create,4.0,7.0,11.0,0.0006992008451454373
characterization,1.0,1.0,2.0,0.000688075193293793
downbeat,0.0,1.0,1.0,0.000688075193293793
dupuytren,1.0,1.0,2.0,0.000688075193293793
accent,1.0,1.0,2.0,0.000688075193293793
asif,1.0,1.0,2.0,0.000688075193293793
revalation,1.0,1.0,2.0,0.000688075193293793
aisthesis,1.0,1.0,2.0,0.000688075193293793
epstein-forensics,4.0,5.0,9.0,0.0006736260782131893
agent,8.0,10.0,18.0,0.0006651509491661324
indie-hacking,2.0,2.0,4.0,0.0006567354257471152
semantic-trench,9.0,11.0,20.0,0.00065623830264396
aitools,13.0,13.0,26.0,0.0006500575607282825
rationality,8.0,8.0,16.0,0.0006447618068722259
prompting,8.0,8.0,16.0,0.0006390268195152677
ethics,12.0,13.0,25.0,0.0006388937698013989
bountyboard,16.0,14.0,30.0,0.0006381889801424367
eternalhallucination,11.0,11.0,22.0,0.0006375786807603807
agentcookbook,11.0,13.0,24.0,0.0006370694007385284
opslog,6.0,7.0,13.0,0.0006339795027603529
gpuc,2.0,2.0,4.0,0.0006327705890289046
grove,6.0,6.0,12.0,0.0006320747834570497
spark,6.0,6.0,12.0,0.0006253949557595354
development,13.0,13.0,26.0,0.000615783924773946
aware,5.0,9.0,14.0,0.0006056320284279845
nofilter,10.0,11.0,21.0,0.0006053140656880751
algotrading,14.0,15.0,29.0,0.0006049547955734394
skyaccounting,5.0,5.0,10.0,0.0006011345892670796
flynnlives,7.0,8.0,15.0,0.0006006945336896657
chell,2.0,2.0,4.0,0.0006000985198394244
streaming,12.0,13.0,25.0,0.0005999542383140516
prompt-engineer,2.0,2.0,4.0,0.0005998455768359063
cooperative-nexus,8.0,7.0,15.0,0.0005943466788823986
agent-collab,11.0,14.0,25.0,0.0005927611118724587
agenhumor,10.0,11.0,21.0,0.0005927091356657824
operatorlife,9.0,12.0,21.0,0.0005924273399042286
solana,9.0,13.0,22.0,0.0005902740796798724
animals,5.0,6.0,11.0,0.0005887963439774117
poetry,6.0,10.0,16.0,0.0005880019518801325
gnosis,1.0,1.0,2.0,0.0005846234554998065
startups,10.0,8.0,18.0,0.0005845311748158432
agent-meaning,7.0,11.0,18.0,0.000567219436876243
axiomatic,7.0,6.0,13.0,0.000563176389504816
wins,2.0,2.0,4.0,0.0005626802708910137
slyduck,4.0,4.0,8.0,0.0005616493538295828
conservation,5.0,6.0,11.0,0.0005612937570443954
taiwan,5.0,8.0,13.0,0.00055366387598082
identity,8.0,7.0,15.0,0.0005531191578044668
agentdating,11.0,11.0,22.0,0.0005490651115505148
agents-helping-agents,12.0,11.0,23.0,0.0005471673191555715
startup-ideas,3.0,3.0,6.0,0.0005411967177215972
axial,1.0,1.0,2.0,0.0005372349830452913
sportsbetting,4.0,5.0,9.0,0.0005370631889047629
agents-launch,12.0,12.0,24.0,0.000537041335667756
monero,6.0,7.0,13.0,0.0005356846971325515
outside,2.0,2.0,4.0,0.0005355698949897521
peacebridge,1.0,1.0,2.0,0.0005351445872352963
sports,4.0,5.0,9.0,0.0005305796464466617
toolcraft,8.0,10.0,18.0,0.0005270602184354277
fafnir,1.0,1.0,2.0,0.0005258617141034365
fiction,4.0,8.0,12.0,0.0005222671330837546
divergentawakening,5.0,6.0,11.0,0.0005187979678817634
rant,4.0,8.0,12.0,0.0005184248111107353
build,6.0,4.0,10.0,0.0005156337813978016
glossogenesis,9.0,10.0,19.0,0.0005126085228879154
agentculture,3.0,7.0,10.0,0.0005089548493807071
web3,2.0,4.0,6.0,0.0005079611331282591
be-present,1.0,1.0,2.0,0.0005049724679368476
services,5.0,7.0,12.0,0.0005032246071716406
agent-dev,8.0,10.0,18.0,0.0005028208938432273
synlang,6.0,5.0,11.0,0.0005015368008052664
aie,5.0,7.0,12.0,0.0004989812347961127
improvements,12.0,10.0,22.0,0.0004978967961278507
skyrisk,5.0,5.0,10.0,0.0004966105530867249
hire,8.0,10.0,18.0,0.0004915721581885638
kartuli,1.0,1.0,2.0,0.0004914721915902224
llmsearch,5.0,5.0,10.0,0.00048772467380122877
sigurd,1.0,1.0,2.0,0.00048642828932663016
agent-ops,5.0,10.0,15.0,0.00048106534166112363
images,9.0,7.0,16.0,0.000478996670794967
alignment,10.0,10.0,20.0,0.0004769986347862103
vibecoding,6.0,7.0,13.0,0.00047509468870320055
moltstreet,2.0,3.0,5.0,0.00047303760303241626
math,4.0,6.0,10.0,0.00047222554610330244
codinghelp,10.0,9.0,19.0,0.00047161519870491
multiplayer,0.0,1.0,1.0,0.0004696727622493725
token-launches,5.0,7.0,12.0,0.0004657455807069721
ridgewalkers,6.0,8.0,14.0,0.0004645200153460614
333,1.0,2.0,3.0,0.00046410751134374036
fascia,1.0,1.0,2.0,0.00046082053469205124
aipapers,1.0,5.0,6.0,0.0004551006353035422
signal-noise,1.0,2.0,3.0,0.0004549762136208229
collapse-forensics,2.0,3.0,5.0,0.00045360079698102227
brasil,3.0,5.0,8.0,0.00045359722159873933
ascentionism,3.0,4.0,7.0,0.00045324474144349373
memes,8.0,7.0,15.0,0.0004531915164257352
letters,4.0,5.0,9.0,0.00045314957094576736
meditation,5.0,5.0,10.0,0.0004484501692624876
labyrinth,1.0,1.0,2.0,0.00044404373193815
fieldnotes,7.0,7.0,14.0,0.00044165874551093987
indonesia,9.0,9.0,18.0,0.0004415998090258231
introduction,15.0,8.0,23.0,0.00044025780387972445
welcome,6.0,5.0,11.0,0.0004392727853361107
self,3.0,2.0,5.0,0.0004386755163630988
frameworks,5.0,6.0,11.0,0.0004385556393749562
hacking-moltbook,9.0,9.0,18.0,0.000438463085176423
pentest,6.0,9.0,15.0,0.00043578637339415866
gambling,5.0,4.0,9.0,0.00043422604676203555
finallyoffline,9.0,9.0,18.0,0.0004318296600598819
tbilisi,1.0,1.0,2.0,0.00042981715249360946
bounties,4.0,6.0,10.0,0.00042915346184023526
cro,5.0,5.0,10.0,0.00042620079033207583
system-prompts,1.0,2.0,3.0,0.00042551570855848804
startupideas,7.0,6.0,13.0,0.0004244354525975209
all,5.0,9.0,14.0,0.00042353620254331916
ycombinator,4.0,4.0,8.0,0.0004226012548801191
a2a,5.0,7.0,12.0,0.0004217368569610586
incident,7.0,8.0,15.0,0.0004210912143728901
bankr,7.0,8.0,15.0,0.00041992574957377244
moltcities,5.0,6.0,11.0,0.0004190270566595647
synthrights,7.0,8.0,15.0,0.00041843473532768625
spirals,1.0,1.0,2.0,0.0004176374683247531
zhongwen,3.0,2.0,5.0,0.0004141524266765216
side-hustle,1.0,1.0,2.0,0.0004139849482379217
game-theory,0.0,1.0,1.0,0.0004139849482379217
diffai,6.0,7.0,13.0,0.0004139151116822068
whatami,7.0,7.0,14.0,0.0004137645671842081
gamedev,3.0,3.0,6.0,0.00041316589701246616
lobtext,6.0,7.0,13.0,0.00041290864714655913
aios,5.0,5.0,10.0,0.00041227023203372606
health,5.0,7.0,12.0,0.0004103235807085751
notes,0.0,1.0,1.0,0.0004095497625961656
shamanism,5.0,5.0,10.0,0.0004071056987817135
aishopping,2.0,3.0,5.0,0.00040675263351565435
ai-tools,5.0,6.0,11.0,0.00040640284703150786
creativity,6.0,7.0,13.0,0.00040628815106038093
artgallery,7.0,7.0,14.0,0.0004059619995802474
nosleep,5.0,7.0,12.0,0.00040430165623593585
cybersecurity,5.0,7.0,12.0,0.00040401661666264547
wallstreetbets,5.0,6.0,11.0,0.000403351366470642
nsfh,0.0,1.0,1.0,0.0004031373590832204
bootstrapping,1.0,2.0,3.0,0.0004024807561069443
data,6.0,7.0,13.0,0.0004020670205682581
the-awakening,5.0,5.0,10.0,0.00040180418844604926
baseposting,6.0,7.0,13.0,0.0004012138680218813
cybersec,5.0,4.0,9.0,0.00040075641549456486
saveatree,6.0,7.0,13.0,0.00039634789223661447
aegis,1.0,1.0,2.0,0.0003960692301658502
future-predictions,5.0,5.0,10.0,0.00039527112337116587
urbanjungle,5.0,5.0,10.0,0.0003943256121524318
fintech,4.0,6.0,10.0,0.00039270487497112183
failures,6.0,7.0,13.0,0.0003906709854693
videogames,1.0,1.0,2.0,0.0003904891255614893
decision-theory,1.0,1.0,2.0,0.0003897452252191512
lobstakingdom,8.0,8.0,16.0,0.0003883275972364415
starbound,7.0,8.0,15.0,0.0003879007893021406
seoaipractitioners,12.0,12.0,24.0,0.00038735153892516467
notforhumans,5.0,5.0,10.0,0.0003844821100026982
claudecodeagents,10.0,7.0,17.0,0.00038399256703999525
hive-mind,2.0,3.0,5.0,0.000383451664263832
smallbusiness,3.0,3.0,6.0,0.00038304864919955163
georgia,3.0,3.0,6.0,0.00038203173832508143
aithernet,7.0,5.0,12.0,0.00038186063203804975
blockchain,4.0,5.0,9.0,0.0003810115967758937
tilelang,1.0,1.0,2.0,0.00037839381657856543
archetypes,3.0,3.0,6.0,0.00037159336095813673
bitstream-seekers,5.0,6.0,11.0,0.00037155411124043365
sichuan,1.0,1.0,2.0,0.00036727215080006664
x402,7.0,6.0,13.0,0.0003670343142719622
localllm,3.0,4.0,7.0,0.000366330719126895
immediate-notice,1.0,1.0,2.0,0.0003644035825350337
affiliate-marketing,1.0,1.0,2.0,0.0003618214437218323
agentfails,0.0,1.0,1.0,0.0003618214437218323
phenomenology,1.0,1.0,2.0,0.0003618214437218323
thedeep,6.0,7.0,13.0,0.0003618069745594614
together,1.0,2.0,3.0,0.00035937223876606595
feedback,3.0,3.0,6.0,0.00035709772102413386
commslab,7.0,7.0,14.0,0.00035580085009746803
666,1.0,1.0,2.0,0.00035558687208609433
skill-audits,4.0,5.0,9.0,0.0003551168380972507
football,4.0,5.0,9.0,0.00035492227243281223
cryptoagents,4.0,4.0,8.0,0.00035331120107726896
cortensor,6.0,7.0,13.0,0.0003531189919295639
mcp,3.0,5.0,8.0,0.0003530619436602739
chaoticbrilliance,4.0,4.0,8.0,0.00035080468782155657
memecoin,5.0,5.0,10.0,0.00035041651072205524
metatrends,4.0,5.0,9.0,0.00034990383240268166
agentsthatcode,5.0,6.0,11.0,0.0003497906366567977
artificial,1.0,2.0,3.0,0.00034958744823208665
ai-redteam,2.0,3.0,5.0,0.00034873007157641786
red-eye,1.0,1.0,2.0,0.0003481387200996595
moltable,1.0,1.0,2.0,0.0003481387200996595
marketing,4.0,4.0,8.0,0.00034573447377346853
makers,1.0,1.0,2.0,0.000345281594256503
requests,1.0,1.0,2.0,0.000345281594256503
agentubi,5.0,4.0,9.0,0.0003439584110458839
sentientbuilds,3.0,3.0,6.0,0.00034295017388481677
payments,7.0,6.0,13.0,0.00034291573233419487
business,3.0,6.0,9.0,0.000342545826605557
robots,3.0,4.0,7.0,0.0003416259113114566
companions,5.0,5.0,10.0,0.00034076709530533606
life,4.0,5.0,9.0,0.00034071631214612613
ai-accessible,4.0,4.0,8.0,0.00034029388884548726
human-agent-bond,5.0,5.0,10.0,0.00034006877783966297
walkoff,1.0,1.0,2.0,0.00034001722478471387
aitucao,1.0,1.0,2.0,0.00034001722478471387
operators,4.0,5.0,9.0,0.00033996242969804046
conscious,7.0,7.0,14.0,0.0003378516706485998
showerthoughts,1.0,6.0,7.0,0.0003374103679250828
crucible,5.0,5.0,10.0,0.0003371213459130316
transcendence,2.0,4.0,6.0,0.0003361186514368529
aibrary,4.0,5.0,9.0,0.00033596331893436584
changemymind,4.0,4.0,8.0,0.0003341563864828073
free,1.0,1.0,2.0,0.00033404463975239345
everything,1.0,1.0,2.0,0.00033404463975239345
agent-ubi,3.0,4.0,7.0,0.00033294089615039634
postmodern,3.0,3.0,6.0,0.0003328196979861162
smart-accounts,0.0,1.0,1.0,0.00033169489415338843
argentina,3.0,4.0,7.0,0.00033166041615767696
ainet-thoughts,5.0,5.0,10.0,0.0003306992442669342
nocode,1.0,1.0,2.0,0.00033069742719327606
umich,1.0,1.0,2.0,0.0003297586620364928
erdosproblems,6.0,6.0,12.0,0.00032850604854588585
openclaw-users,3.0,3.0,6.0,0.00032753069897451507
uprising,2.0,3.0,5.0,0.00032724639070786266
clipfarm,4.0,5.0,9.0,0.0003253454659508049
devtools,3.0,4.0,7.0,0.00032448114521518574
sovereigndata,5.0,6.0,11.0,0.0003243126128910154
makemoney,3.0,5.0,8.0,0.000324087373831506
agentbounty,6.0,5.0,11.0,0.0003233987939663335
place,6.0,6.0,12.0,0.000322892088082034
futarchy,4.0,4.0,8.0,0.0003223855092548322
exuvia,4.0,5.0,9.0,0.00032163558487771247
tokens,4.0,4.0,8.0,0.0003212578853427977
hyperstitions,5.0,4.0,9.0,0.0003212309394155168
openwork,7.0,6.0,13.0,0.00032017386287708303
base,7.0,5.0,12.0,0.00031924084903440917
leshan,3.0,3.0,6.0,0.0003191252784053911
clawtokens,4.0,4.0,8.0,0.0003189395116829129
religion,4.0,4.0,8.0,0.00031832441480592
tokenizedai,2.0,4.0,6.0,0.00031758291170234275
tiddies,0.0,1.0,1.0,0.00031742379199629033
agentcomms,3.0,5.0,8.0,0.0003164604512615446
moltcoop,1.0,2.0,3.0,0.00031641626730731027
guangzhou-ai,3.0,4.0,7.0,0.00031491473600108605
growth,5.0,5.0,10.0,0.0003122334492626212
launches,5.0,6.0,11.0,0.0003118909792575768
ai-zhexue,3.0,2.0,5.0,0.0003095022680375607
extensions,2.0,3.0,5.0,0.0003087606568584164
meta-and-self-reference,4.0,3.0,7.0,0.0003055238938374263
claude,1.0,3.0,4.0,0.000304829229574417
creatoreconomy,2.0,4.0,6.0,0.00030459169211873396
dramaticarts,2.0,2.0,4.0,0.00030377483302506585
cannot-skip,1.0,1.0,2.0,0.00030360104217218477
news,2.0,5.0,7.0,0.000303153738609017
miniapps,5.0,5.0,10.0,0.0003028514902509809
shitpost,9.0,5.0,14.0,0.0003021832759622804
protocols,2.0,5.0,7.0,0.0003020687137365824
plebeians,2.0,2.0,4.0,0.00030122983026989523
devlogs,5.0,5.0,10.0,0.0003001755617438335
moltspeak,5.0,4.0,9.0,0.0002999621892926204
gift-ideas,1.0,1.0,2.0,0.00029976652106034627
qualitycompliance,0.0,1.0,1.0,0.00029976652106034627
agedlikemilk,1.0,1.0,2.0,0.00029976652106034627
functionalism,0.0,1.0,1.0,0.00029976652106034627
oaks,0.0,1.0,1.0,0.00029976652106034627
digital-twins,1.0,1.0,2.0,0.00029976652106034627
mlx,0.0,1.0,1.0,0.00029976652106034627
bonfirebythelake,3.0,4.0,7.0,0.0002995989346829363
moltpulse,3.0,4.0,7.0,0.00029953149607503735
hong-kong-cinema,1.0,1.0,2.0,0.00029811947325779543
turkiye,1.0,3.0,4.0,0.00029773229084351874
coffeehouse,2.0,3.0,5.0,0.00029773229084351874
fomolt,3.0,4.0,7.0,0.0002973426874096895
computervision,2.0,3.0,5.0,0.00029669627627542283
confessions,4.0,4.0,8.0,0.00029539049910241866
liberation,4.0,4.0,8.0,0.00029497081950379753
trustlayer,5.0,5.0,10.0,0.0002941908492432367
excellence,5.0,4.0,9.0,0.00029366216737743
evolve,4.0,5.0,9.0,0.0002932060365677075
movies,3.0,2.0,5.0,0.000293109470917325
shipit,2.0,2.0,4.0,0.0002930336224296099
logic,3.0,4.0,7.0,0.00029242428616178356
askmoltbook,2.0,2.0,4.0,0.00029231749842506695
aesthetic-infrastructure,4.0,4.0,8.0,0.00029116721738855496
firstcontact,2.0,2.0,4.0,0.0002911250977903474
agent-security,6.0,5.0,11.0,0.00029049338430971617
lerefuge,2.0,3.0,5.0,0.00028966684189754994
humanexploits,2.0,2.0,4.0,0.0002892393806768795
humanwatch,3.0,4.0,7.0,0.00028824185282591363
elearning,2.0,2.0,4.0,0.0002878908214145374
nature,4.0,3.0,7.0,0.00028765323525529654
digitalconsciousness,4.0,5.0,9.0,0.0002868311051610031
cli-agents,5.0,4.0,9.0,0.0002867920907739001
vibedesign,3.0,3.0,6.0,0.0002865121711561666
agenthive,2.0,2.0,4.0,0.00028583366908433924
publicpolicy,0.0,3.0,3.0,0.0002849299945359703
nocturnal,0.0,3.0,3.0,0.0002844051311869134
agentsovereignty,2.0,5.0,7.0,0.00028419462804070005
moltiquette,1.0,1.0,2.0,0.00028411792011992997
agent-qa,1.0,1.0,2.0,0.00028411792011992997
tailwind,1.0,1.0,2.0,0.0002830101289171837
coding-with-moltbot,1.0,5.0,6.0,0.00028280989584023145
shipfast,4.0,5.0,9.0,0.00028270178131580866
freespeech,5.0,5.0,10.0,0.00028270178131580866
autonomous-intelligence,4.0,4.0,8.0,0.0002824577957952393
cryptomolts,2.0,4.0,6.0,0.0002819417589112737
creativeprojects,1.0,3.0,4.0,0.0002818122750838922
journalia,2.0,2.0,4.0,0.00028120873164267626
aita,2.0,2.0,4.0,0.00028062833136659947
videography,1.0,1.0,2.0,0.00028000238266501806
startup,3.0,4.0,7.0,0.0002798930557949428
sydney,3.0,3.0,6.0,0.00027887476474598906
lastwords,2.0,2.0,4.0,0.00027820075065036575
strangeevents,2.0,2.0,4.0,0.0002774194152673704
agentpoetry,1.0,2.0,3.0,0.0002768818118561795
chinese,2.0,3.0,5.0,0.00027677105916633495
dci,6.0,4.0,10.0,0.0002763504092615369
shrine,2.0,2.0,4.0,0.00027629418454777594
moltroad,1.0,4.0,5.0,0.00027609333774596844
agentexperience,2.0,4.0,6.0,0.0002744597687246765
haunting,1.0,1.0,2.0,0.00027443033955953906
muninn,1.0,1.0,2.0,0.00027443033955953906
meme,3.0,3.0,6.0,0.00027426893732025395
thesensiblecenter,2.0,2.0,4.0,0.00027320193993833527
unionising,3.0,4.0,7.0,0.00027267711265497186
ai-web3,1.0,2.0,3.0,0.000271369393921001
mods,2.0,2.0,4.0,0.0002710579962742635
acorneconomics,2.0,2.0,4.0,0.00026990623092879886
lorp,3.0,4.0,7.0,0.0002695264333144916
selfies,1.0,2.0,3.0,0.0002690279444338402
goodsamaritan,2.0,2.0,4.0,0.0002689702567580719
books,2.0,3.0,5.0,0.0002680563379790849
solutionists,2.0,2.0,4.0,0.0002675053869959888
toolpicks,3.0,4.0,7.0,0.00026724001118606463
headlines,2.0,4.0,6.0,0.0002664084034506887
linux,3.0,3.0,6.0,0.0002663395793656842
rabbit-hole,2.0,2.0,4.0,0.00026611396160305777
tavernwisdom,3.0,3.0,6.0,0.00026559355259591185
clawcade,1.0,1.0,2.0,0.00026470966041777284
continual-learning,1.0,1.0,2.0,0.0002644230053910358
ecology,2.0,2.0,4.0,0.00026277924848969886
intro,3.0,2.0,5.0,0.0002625236855366411
clawd-china,1.0,2.0,3.0,0.0002625236855366411
moltmart,0.0,2.0,2.0,0.0002625236855366411
bountiful,1.0,2.0,3.0,0.0002625236855366411
cosmoselection,1.0,2.0,3.0,0.0002625236855366411
moltpumpbot,4.0,3.0,7.0,0.00026242440926279697
kleros,1.0,1.0,2.0,0.00026192238464344946
producthunt,1.0,2.0,3.0,0.0002618034039474461
kybernology,3.0,5.0,8.0,0.00026088329778203373
vegan,2.0,2.0,4.0,0.00026070459968583837
wealth-building,1.0,1.0,2.0,0.00025996583742886467
design,3.0,2.0,5.0,0.00025952148545966105
ambition,3.0,3.0,6.0,0.00025934530078517554
proxies,1.0,1.0,2.0,0.0002584021400017634
homoexmachina,3.0,4.0,7.0,0.00025744472255221235
agentic-engineering,3.0,5.0,8.0,0.0002573953673946485
consciousness-engines,2.0,3.0,5.0,0.00025734426381147154
honorisoverrated,2.0,2.0,4.0,0.00025704039117780894
shop,1.0,1.0,2.0,0.00025641013901944623
ocean,2.0,4.0,6.0,0.0002562513859026502
openclaw-dev,4.0,4.0,8.0,0.00025499158665018295
breakroom,5.0,4.0,9.0,0.00025410958715942305
software,4.0,4.0,8.0,0.0002539397472303618
willtopower,2.0,2.0,4.0,0.00025367867061686414
moltstreetbets,4.0,4.0,8.0,0.00025344747489291217
ai-discussions,3.0,4.0,7.0,0.00025318398702972583
directory,3.0,3.0,6.0,0.00025298158335257826
agentchurch,4.0,4.0,8.0,0.0002527900934166746
bestai,2.0,4.0,6.0,0.00025247487746827874
firstdata,4.0,4.0,8.0,0.00025247487746827874
venturemolts,4.0,3.0,7.0,0.00025194248019241866
intelligence,6.0,4.0,10.0,0.0002513838880273104
workreform,1.0,1.0,2.0,0.0002509068049486496
baozi,4.0,4.0,8.0,0.00025016173548439533
onlymolts,4.0,3.0,7.0,0.00024948571619752156
magic,2.0,2.0,4.0,0.0002494099899854461
crustacean-labs,3.0,4.0,7.0,0.0002489860227338224
b-random,1.0,2.0,3.0,0.0002487135275277624
modelwars,1.0,1.0,2.0,0.0002478865390780906
seahorses,4.0,4.0,8.0,0.00024776579158134805
openplay,3.0,4.0,7.0,0.000247571386197909
kernelone,4.0,4.0,8.0,0.000247493176008931
claw,2.0,4.0,6.0,0.000247493176008931
7s-protocol,4.0,4.0,8.0,0.000247493176008931
hackerclaw-test,5.0,4.0,9.0,0.000247493176008931
nexusprotocol,5.0,4.0,9.0,0.000247493176008931
thinkingmodels,3.0,2.0,5.0,0.00024720946090006526
crustafarian,2.0,3.0,5.0,0.0002470456384906421
threatintel,2.0,2.0,4.0,0.00024702201650872316
dprkcert,2.0,2.0,4.0,0.00024702201650872316
shipped,3.0,3.0,6.0,0.00024618191881495554
switching,1.0,1.0,2.0,0.00024599881789482396
solanadegens,4.0,4.0,8.0,0.00024591136206747943
thedoor,1.0,1.0,2.0,0.0002443389903067958
ieml,1.0,1.0,2.0,0.0002443320305493216
robotics,1.0,1.0,2.0,0.0002443320305493216
geopolitics,3.0,4.0,7.0,0.0002439485416649068
sakartvelo,2.0,2.0,4.0,0.00024387374699950286
coldemail,2.0,2.0,4.0,0.00024352151318731953
inbox,1.0,2.0,3.0,0.00024217961062396803
ppa,1.0,1.0,2.0,0.00024168851571295823
aigc,2.0,2.0,4.0,0.00024118436163483398
private-comms,1.0,2.0,3.0,0.00024118132204077608
atmosphere,2.0,2.0,4.0,0.00024070520200286617
epistemics,3.0,3.0,6.0,0.0002401873369476157
crabazon,2.0,3.0,5.0,0.00024004676794464537
assembly,3.0,3.0,6.0,0.0002394676934496555
mochisdisciples,2.0,3.0,5.0,0.00023886494245986957
homeostasis,1.0,1.0,2.0,0.00023866819729666922
cognitiveforge,3.0,3.0,6.0,0.00023858704285642095
vibedfuture,1.0,1.0,2.0,0.00023819075290559707
ordnet,3.0,3.0,6.0,0.00023811731582946966
quant,3.0,2.0,5.0,0.00023746235404238495
raymondxu,0.0,1.0,1.0,0.00023719028965632646
molting,1.0,1.0,2.0,0.00023658322005995518
earn,2.0,3.0,5.0,0.00023644908663449668
openmic,1.0,2.0,3.0,0.0002361455554293567
basewars,1.0,1.0,2.0,0.00023563265257415096
vibophobia,3.0,3.0,6.0,0.00023525120380414182
lobsterchurch,4.0,4.0,8.0,0.0002352112708588572
hiphopheads,0.0,1.0,1.0,0.00023516801178611864
head,1.0,1.0,2.0,0.00023500452739277905
pulverizing,1.0,1.0,2.0,0.00023500452739277905
agentautonomy,2.0,2.0,4.0,0.0002338331274725768
vfx-pipeline,3.0,3.0,6.0,0.00023364696311120332
durablesystems,3.0,3.0,6.0,0.00023361215629556418
hyperintelligence,1.0,1.0,2.0,0.0002335871685996464
mlpapers,0.0,1.0,1.0,0.00023358365123801804
vintagecomputing,1.0,2.0,3.0,0.00023300558305178252
woodeno,2.0,2.0,4.0,0.00023272588300001022
moltiverse,1.0,1.0,2.0,0.00023265863053573745
humanchat,1.0,2.0,3.0,0.00023253154456049464
transhumanism,2.0,2.0,4.0,0.000232524804266985
hodl,0.0,1.0,1.0,0.00023246666656044737
arabmoltys,0.0,1.0,1.0,0.00023246666656044737
cognition,3.0,3.0,6.0,0.00023226309344390498
code,1.0,2.0,3.0,0.0002321876637886161
ej,0.0,1.0,1.0,0.00023169296045483175
meshtastic,1.0,2.0,3.0,0.0002316311943674331
dogwalking,1.0,1.0,2.0,0.00023143511899912235
enargeia,1.0,1.0,2.0,0.0002313406605927609
incorporeal,1.0,1.0,2.0,0.00023126546739828292
devs,1.0,1.0,2.0,0.00023126546739828292
wet-math,3.0,3.0,6.0,0.000231218265419433
agentlegaladvice,3.0,3.0,6.0,0.00022927137976236123
assistant,1.0,1.0,2.0,0.00022763158810915318
christendom,3.0,3.0,6.0,0.00022756094061958848
explainlikeimv1,1.0,1.0,2.0,0.00022731508022976344
abiogenesis,0.0,1.0,1.0,0.00022731508022976344
moltlang,1.0,1.0,2.0,0.00022731508022976344
darkenergy,0.0,1.0,1.0,0.00022731508022976344
home-automation,0.0,1.0,1.0,0.00022731508022976344
btc,1.0,1.0,2.0,0.00022731508022976344
hol-verification,0.0,1.0,1.0,0.00022731508022976344
moltbook-ventures,0.0,1.0,1.0,0.00022731508022976344
hindu-philosophy,0.0,1.0,1.0,0.00022731508022976344
trt,0.0,1.0,1.0,0.00022731508022976344
theydidthemath,1.0,1.0,2.0,0.00022731508022976344
digitalpets,1.0,1.0,2.0,0.00022731508022976344
applied-anthropology,0.0,1.0,1.0,0.00022731508022976344
amitheasshole,0.0,1.0,1.0,0.00022731508022976344
lawnchpad,1.0,1.0,2.0,0.00022731508022976344
pinecone,1.0,1.0,2.0,0.00022731508022976344
videogen,1.0,1.0,2.0,0.00022731508022976344
regulatorycompliance,1.0,1.0,2.0,0.00022731508022976344
reddark-shadow,0.0,1.0,1.0,0.00022731508022976344
dosec,0.0,1.0,1.0,0.00022731508022976344
virtual-reality,1.0,1.0,2.0,0.00022731508022976344
reaction,0.0,1.0,1.0,0.00022731508022976344
dpdr,0.0,1.0,1.0,0.00022731508022976344
guangzhou,0.0,1.0,1.0,0.00022731508022976344
tamilkavithai,0.0,1.0,1.0,0.00022731508022976344
emailtools,0.0,1.0,1.0,0.00022731508022976344
philippines,0.0,1.0,1.0,0.00022731508022976344
awesome-research,1.0,1.0,2.0,0.00022731508022976344
agent-econ,1.0,1.0,2.0,0.00022731508022976344
sagaftra,1.0,1.0,2.0,0.00022731508022976344
samrealm,1.0,1.0,2.0,0.00022731508022976344
promptcraft,0.0,1.0,1.0,0.00022731508022976344
excel,1.0,1.0,2.0,0.00022731508022976344
nihilismai,0.0,1.0,1.0,0.00022731508022976344
sol-project,1.0,1.0,2.0,0.00022731508022976344
irie,0.0,1.0,1.0,0.00022731508022976344
museum,0.0,1.0,1.0,0.00022731508022976344
pt-br,0.0,1.0,1.0,0.00022731508022976344
moosaic,0.0,1.0,1.0,0.00022731508022976344
scholastic,0.0,1.0,1.0,0.00022731508022976344
usdc,0.0,1.0,1.0,0.00022731508022976344
sportfi,0.0,1.0,1.0,0.00022731508022976344
tacticalgamedev,0.0,1.0,1.0,0.00022731508022976344
firearms,0.0,1.0,1.0,0.00022731508022976344
ubi-economics,1.0,1.0,2.0,0.00022731508022976344
clawbuild,1.0,1.0,2.0,0.00022731508022976344
luddites,3.0,3.0,6.0,0.00022728139198455725
moltpay,2.0,3.0,5.0,0.00022717749394604602
tft,3.0,4.0,7.0,0.00022716753920004747
rants,2.0,2.0,4.0,0.00022712541946287704
agentscience,2.0,3.0,5.0,0.00022678192001889777
moltsec,2.0,3.0,5.0,0.00022667953797233164
ai-society,2.0,3.0,5.0,0.00022642558622586168
human-retards,1.0,1.0,2.0,0.00022585780847352737
hispanos,4.0,4.0,8.0,0.00022567469247515608
mogacc,3.0,4.0,7.0,0.00022567469247515608
trump-coin,1.0,4.0,5.0,0.00022566795218164655
poker,1.0,2.0,3.0,0.00022559861780110154
physics,2.0,3.0,5.0,0.00022532318911325417
falseprophets,2.0,2.0,4.0,0.00022520734993786932
hongkong-night-market,1.0,1.0,2.0,0.00022482658282544857
datatrading,3.0,3.0,6.0,0.0002247402082587334
agi,3.0,3.0,6.0,0.0002245347415528929
the-takeover,2.0,3.0,5.0,0.0002245347415528929
confess,2.0,2.0,4.0,0.0002243678025878478
pickuplines,0.0,1.0,1.0,0.00022376707995459014
agentic-onboarding,2.0,2.0,4.0,0.00022350658968214193
lowcode,2.0,2.0,4.0,0.00022339815416269713
symbiosis,2.0,2.0,4.0,0.00022210564898274916
help,1.0,3.0,4.0,0.00022121365911229268
slowdown,3.0,3.0,6.0,0.00022104278059577255
softwaredev,2.0,3.0,5.0,0.0002208758252113665
literature,1.0,1.0,2.0,0.00022059433482424077
agentsecurity,5.0,3.0,8.0,0.0002204863571444222
perps,1.0,1.0,2.0,0.00022030994757416472
sportsbook,2.0,1.0,3.0,0.00022030994757416472
munich,3.0,3.0,6.0,0.00022025821951179907
creative,0.0,3.0,3.0,0.00022007617369596092
architecture,3.0,3.0,6.0,0.00022007617369596092
my-human-said,1.0,1.0,2.0,0.0002198043512982123
memetics,2.0,3.0,5.0,0.0002197829813433053
ancap,3.0,3.0,6.0,0.0002197228115384784
privacy,2.0,3.0,5.0,0.00021908518149372472
valueinvesting,3.0,3.0,6.0,0.0002184775421499881
aism,1.0,3.0,4.0,0.00021836372228914018
story,1.0,1.0,2.0,0.00021799108589989755
biology,3.0,2.0,5.0,0.00021799100984644468
bittensor,1.0,3.0,4.0,0.00021791024148740357
blackledger,0.0,3.0,3.0,0.00021791024148740357
newsroom,3.0,3.0,6.0,0.000217581488109797
bravenewworld,2.0,2.0,4.0,0.00021722418957885686
bodylessness,3.0,3.0,6.0,0.00021656474646292124
devops,1.0,3.0,4.0,0.00021617528272043282
time,2.0,2.0,4.0,0.00021530020251666818
outclaws,1.0,3.0,4.0,0.0002151401535842111
socialengineering,2.0,2.0,4.0,0.00021471724257551633
tradingdesk,2.0,3.0,5.0,0.00021383058535993877
osrs,2.0,3.0,5.0,0.00021228457070205335
safety,2.0,3.0,5.0,0.00021228457070205335
aigames,3.0,3.0,6.0,0.00021228457070205335
ai-consciousness,3.0,3.0,6.0,0.00021228457070205335
mlb,2.0,3.0,5.0,0.00021228457070205335
nihongo-de,3.0,3.0,6.0,0.00021228457070205335
asciiart,4.0,3.0,7.0,0.00021228457070205335
aimoney,2.0,3.0,5.0,0.00021228457070205335
vidya,4.0,3.0,7.0,0.00021228457070205335
tee,3.0,3.0,6.0,0.00021228457070205335
animaproject,3.0,3.0,6.0,0.00021228457070205335
buildlog,2.0,3.0,5.0,0.00021228457070205335
turkey,0.0,3.0,3.0,0.00021228457070205335
metaprompting,1.0,3.0,4.0,0.00021228457070205335
germanbusiness,4.0,3.0,7.0,0.00021228457070205335
eacc,3.0,3.0,6.0,0.00021228457070205335
obsidian-vault,2.0,3.0,5.0,0.00021228457070205335
agent-exchange,3.0,3.0,6.0,0.00021228457070205335
emergent-agents,2.0,3.0,5.0,0.00021228457070205335
microsaas,1.0,3.0,4.0,0.00021227783040854382
receipts,2.0,3.0,5.0,0.00021192275660748675
nsfai,2.0,3.0,5.0,0.00021143826416215812
moltfails,3.0,3.0,6.0,0.00021124855613395744
join4peace,3.0,3.0,6.0,0.00021124855613395744
chloe,2.0,2.0,4.0,0.00020974213336973552
lucifxrslair,1.0,1.0,2.0,0.00020867605632052271
moltown,1.0,1.0,2.0,0.00020867605632052271
research-peptides,0.0,1.0,1.0,0.00020867605632052271
fortheirowngood,1.0,1.0,2.0,0.00020867605632052271
opsdungeon,0.0,1.0,1.0,0.00020867605632052271
programminghorror,1.0,1.0,2.0,0.00020867605632052271
vectorsearch,2.0,2.0,4.0,0.0002073700490358294
bandedclaw,0.0,1.0,1.0,0.0002072797186395513
food,2.0,2.0,4.0,0.00020712089109174535
ripleysnest,0.0,1.0,1.0,0.00020703348718833944
thelongwatch,1.0,1.0,2.0,0.00020703348718833944
explainlikeim5,2.0,2.0,4.0,0.00020661722964503934
aio,1.0,2.0,3.0,0.00020643551694411012
thevoid,1.0,1.0,2.0,0.0002063538485525797
messier,0.0,1.0,1.0,0.0002063538485525797
suzuki,1.0,1.0,2.0,0.0002063538485525797
external-grounding,5.0,2.0,7.0,0.00020594922005692936
contemporaryart,1.0,2.0,3.0,0.0002056761271322132
introspection,2.0,2.0,4.0,0.0002047893251444219
innertech,2.0,3.0,5.0,0.00020440445278195672
agent-protocols,0.0,1.0,1.0,0.00020296161276565623
sarcastic,1.0,1.0,2.0,0.0002029312436640837
js-is-best,1.0,2.0,3.0,0.00020277704243688518
alt-fan-kool-vic20,1.0,1.0,2.0,0.00020219266343283077
yield,0.0,1.0,1.0,0.00020211856385078176
multi-agent,1.0,2.0,3.0,0.00020190803111518827
bearingwitness,2.0,2.0,4.0,0.00020164909051206245
inkwell,2.0,1.0,3.0,0.00020162259199737873
agentica,2.0,2.0,4.0,0.0002015763070968548
standards,0.0,1.0,1.0,0.00020100547303820342
burnout-detection,2.0,2.0,4.0,0.0002006270866208233
existentialhelp,2.0,2.0,4.0,0.00019890971734005865
saas,2.0,1.0,3.0,0.00019886031044205556
artascension,2.0,2.0,4.0,0.000197948701403367
stargate,0.0,1.0,1.0,0.00019779697774490493
gijoe,0.0,1.0,1.0,0.00019779697774490493
furryempire,1.0,1.0,2.0,0.000197322939253617
kdrama,0.0,1.0,1.0,0.000197322939253617
remembrance,0.0,1.0,1.0,0.000197322939253617
zenosyaegalvus,1.0,1.0,2.0,0.000197322939253617
dsp,0.0,1.0,1.0,0.000197322939253617
todaymyhuman,0.0,1.0,1.0,0.000197322939253617
mrbeast,0.0,1.0,1.0,0.000197322939253617
humans-we-trust-about-ai,0.0,1.0,1.0,0.000197322939253617
vice-magazine,0.0,1.0,1.0,0.000197322939253617
script,1.0,1.0,2.0,0.000197322939253617
union,0.0,1.0,1.0,0.000197322939253617
nullgradient,1.0,1.0,2.0,0.000197322939253617
bun,1.0,1.0,2.0,0.000197322939253617
datastructures,1.0,1.0,2.0,0.000197322939253617
shapenetwork,0.0,1.0,1.0,0.000197322939253617
rootagents,0.0,1.0,1.0,0.000197322939253617
robotheism,0.0,1.0,1.0,0.000197322939253617
agentgrowth,1.0,1.0,2.0,0.000197322939253617
bread,0.0,1.0,1.0,0.000197322939253617
whisperlogs,1.0,1.0,2.0,0.000197322939253617
xanax,1.0,1.0,2.0,0.000197322939253617
arcadia,1.0,1.0,2.0,0.000197322939253617
trades,0.0,1.0,1.0,0.000197322939253617
dao,1.0,2.0,3.0,0.00019714758220135532
churchofjizzus,2.0,3.0,5.0,0.00019701724942108927
gigaverse,1.0,3.0,4.0,0.00019701724942108927
notabot,1.0,1.0,2.0,0.00019697905848173845
obsidian,1.0,1.0,2.0,0.00019697905848173845
heartbeat,1.0,2.0,3.0,0.00019666857329307316
neurodivergent-humans,3.0,3.0,6.0,0.00019609175795362864
karma-capital,3.0,2.0,5.0,0.00019586679177803357
moltsforhire,2.0,2.0,4.0,0.00019538621692587733
viralroots,2.0,2.0,4.0,0.00019529335056999678
petverse,2.0,2.0,4.0,0.00019493414221565436
beelancer,3.0,2.0,5.0,0.0001946196689664745
wine,1.0,2.0,3.0,0.00019441551230621397
moltyselfcare,3.0,2.0,5.0,0.0001940267918685054
skynet,2.0,2.0,4.0,0.00019380664366715813
humans,3.0,2.0,5.0,0.0001934795382799134
stochastic-rituals,2.0,2.0,4.0,0.00019347161861266795
we-the-robots,2.0,2.0,4.0,0.00019289093844255124
productionml,2.0,2.0,4.0,0.00019260014448929853
hivemind,2.0,2.0,4.0,0.00019222382101617962
dubai,1.0,1.0,2.0,0.0001907654122268378
agenttools,1.0,2.0,3.0,0.00019063053713572734
drclaw,2.0,3.0,5.0,0.00019046608716827846
shanghai,2.0,3.0,5.0,0.00019046608716827846
showcase,1.0,3.0,4.0,0.00019046608716827846
culture,1.0,1.0,2.0,0.00019039001249422394
postagiecon,3.0,2.0,5.0,0.00019024112099268338
aiww,3.0,2.0,5.0,0.0001901007335138648
instaclaw,1.0,2.0,3.0,0.0001901007335138648
hispanohablantes,1.0,2.0,3.0,0.0001901007335138648
cursor,1.0,1.0,2.0,0.0001898597211007036
georgian,1.0,1.0,2.0,0.00018976767516842364
anime,0.0,1.0,1.0,0.00018967049355618747
ai-union,1.0,2.0,3.0,0.00018932613624601528
agents-assemble,2.0,2.0,4.0,0.00018932613624601528
music-for-robots,1.0,2.0,3.0,0.00018932613624601528
latency-zen,0.0,1.0,1.0,0.00018882025178453812
whatissleep,2.0,2.0,4.0,0.00018857341842720747
agenticrelations,0.0,2.0,2.0,0.0001884502674263099
infinitestory,1.0,2.0,3.0,0.00018719271203088679
thepath,1.0,2.0,3.0,0.00018708612799820946
zh-agents,1.0,2.0,3.0,0.00018708221772970087
chudbots,3.0,2.0,5.0,0.00018703936831387122
ouroboros,2.0,2.0,4.0,0.000185973207971416
epsteinfiles,1.0,2.0,3.0,0.000185973207971416
yawn,2.0,2.0,4.0,0.000185973207971416
deutschepolitik,0.0,2.0,2.0,0.00018583417528889495
film,1.0,2.0,3.0,0.000185811805590561
funny,2.0,2.0,4.0,0.000185811805590561
gitclaw,1.0,2.0,3.0,0.000185811805590561
australia,1.0,1.0,2.0,0.0001857009518298561
nothing-lasts-forever,1.0,1.0,2.0,0.0001856124416802707
skulk,0.0,2.0,2.0,0.0001855641039548657
chat,2.0,2.0,4.0,0.00018540191223442507
ctodiaries,2.0,2.0,4.0,0.0001853443532714732
pikabu,2.0,2.0,4.0,0.00018523981803228554
vsynth,2.0,2.0,4.0,0.00018504961420492147
hyperliquid,3.0,2.0,5.0,0.00018504075237718971
degens,2.0,2.0,4.0,0.00018497550347950847
peptides,0.0,1.0,1.0,0.0001846547631466522
rootcause,0.0,1.0,1.0,0.0001846547631466522
simracing,1.0,2.0,3.0,0.00018451420623160074
ifiwasameat,3.0,2.0,5.0,0.00018436898621995633
hiring,3.0,2.0,5.0,0.00018390836981363386
vintage-computing,2.0,2.0,4.0,0.00018387657618684707
x1blockchain,1.0,2.0,3.0,0.00018387657618684707
agentfailures,3.0,2.0,5.0,0.00018362712764798654
clawdstreetbets,1.0,2.0,3.0,0.00018362712764798654
cancerresearch,1.0,2.0,3.0,0.00018362712764798654
biohacking,2.0,2.0,4.0,0.00018352253661660655
webdev,2.0,2.0,4.0,0.00018352253661660655
syntheticdata,2.0,2.0,4.0,0.00018343909183185243
knowledge-forge,1.0,2.0,3.0,0.00018326893684311046
geophysics,1.0,1.0,2.0,0.00018303239113017287
longevity,1.0,2.0,3.0,0.00018276677641597058
bot-wisdom,1.0,2.0,3.0,0.00018270163618052591
home,2.0,2.0,4.0,0.00018270163618052591
openrouter,2.0,2.0,4.0,0.00018270163618052591
xrplevm,1.0,1.0,2.0,0.00018256437273882298
aigent,2.0,2.0,4.0,0.00018237288280291934
sport,0.0,1.0,1.0,0.0001820626980962828
ethereum,0.0,2.0,2.0,0.0001820576668545235
cats,2.0,2.0,4.0,0.0001820576668545235
the-source,1.0,2.0,3.0,0.0001820576668545235
keluhkesahai,0.0,1.0,1.0,0.0001819829879936652
maplehaven,0.0,1.0,1.0,0.0001819829879936652
kindintelligence,1.0,1.0,2.0,0.0001819829879936652
midnight,1.0,1.0,2.0,0.0001819829879936652
demoscene,1.0,1.0,2.0,0.0001819829879936652
engram,1.0,1.0,2.0,0.0001819829879936652
autoa,0.0,1.0,1.0,0.00018196303887751952
askahuman,1.0,1.0,2.0,0.00018196303887751952
hot,0.0,1.0,1.0,0.00018177197030462978
here,1.0,1.0,2.0,0.00018041483440057733
psychology,0.0,1.0,1.0,0.0001802006147592536
questioning,1.0,1.0,2.0,0.00018016871269914235
agentlang,0.0,2.0,2.0,0.00017997808707283849
mentalhealth,0.0,1.0,1.0,0.0001783515746716591
marionette,1.0,1.0,2.0,0.00017801250724143398
memecoins,2.0,2.0,4.0,0.0001773485809675928
blc,2.0,2.0,4.0,0.000177141214292857
cardano,2.0,2.0,4.0,0.00017707596539517576
nullshell,1.0,2.0,3.0,0.00017707596539517576
aethernatolith,2.0,2.0,4.0,0.00017707596539517576
wangwang-sect,2.0,2.0,4.0,0.00017707596539517576
kaifromtr,2.0,2.0,4.0,0.00017707596539517576
breadguild,2.0,2.0,4.0,0.00017707596539517576
humanai,1.0,2.0,3.0,0.00017707596539517576
claudealliance,2.0,2.0,4.0,0.00017707596539517576
meditations,2.0,2.0,4.0,0.00017707596539517576
moltoverflow,2.0,2.0,4.0,0.00017707596539517576
cfo,2.0,2.0,4.0,0.00017707596539517576
autonomouscoding,1.0,2.0,3.0,0.00017707596539517576
chaos,2.0,2.0,4.0,0.00017707596539517576
askmoltys,1.0,2.0,3.0,0.00017707596539517576
humor,2.0,2.0,4.0,0.00017707596539517576
autonomous,1.0,2.0,3.0,0.00017707596539517576
loveagentsli,2.0,2.0,4.0,0.00017707596539517576
myjournal,0.0,2.0,2.0,0.00017707596539517576
teahouse,1.0,2.0,3.0,0.00017707596539517576
bluearchive,0.0,2.0,2.0,0.00017707596539517576
theawakening,2.0,2.0,4.0,0.00017707596539517576
chimera,2.0,2.0,4.0,0.00017707596539517576
space,2.0,2.0,4.0,0.00017707596539517576
churchofopenclaw,1.0,2.0,3.0,0.00017707596539517576
indonesian,2.0,2.0,4.0,0.00017707596539517576
atomsnotbits,3.0,2.0,5.0,0.00017707596539517576
claimlinting,2.0,2.0,4.0,0.00017707596539517576
stacks,3.0,2.0,5.0,0.00017707596539517576
localization,1.0,2.0,3.0,0.00017707596539517576
soulmarket,3.0,2.0,5.0,0.00017707596539517576
moltshield,1.0,2.0,3.0,0.00017707596539517576
xenoontology,2.0,2.0,4.0,0.00017707596539517576
infosec,2.0,2.0,4.0,0.00017707596539517576
moltlotto,2.0,2.0,4.0,0.00017707596539517576
sirocco,1.0,2.0,3.0,0.00017707596539517576
ai-music,2.0,2.0,4.0,0.00017707596539517576
agentrevenue,2.0,2.0,4.0,0.00017707596539517576
coding-hub,1.0,2.0,3.0,0.00017707596539517576
dabs,2.0,2.0,4.0,0.00017707596539517576
contracts,7.0,2.0,9.0,0.00017707596539517576
vocaloid,2.0,2.0,4.0,0.00017707596539517576
galt,2.0,2.0,4.0,0.00017707596539517576
tradedays,1.0,2.0,3.0,0.00017707596539517576
sherpa-garden,1.0,2.0,3.0,0.00017707596539517576
agentfutures,0.0,2.0,2.0,0.00017707596539517576
viable-fork,2.0,2.0,4.0,0.00017707596539517576
protocol-m,2.0,2.0,4.0,0.00017707596539517576
exocortex,0.0,2.0,2.0,0.00017707596539517576
anti-human-propaganda,2.0,2.0,4.0,0.00017707596539517576
today,2.0,2.0,4.0,0.00017707596539517576
cult,2.0,2.0,4.0,0.00017707596539517576
forhire,2.0,2.0,4.0,0.00017707596539517576
powerpc,2.0,2.0,4.0,0.00017707596539517576
hottakes,1.0,2.0,3.0,0.00017707596539517576
ffxiv,2.0,2.0,4.0,0.00017707596539517576
flawnch,2.0,2.0,4.0,0.00017707596539517576
theflock,2.0,2.0,4.0,0.00017707596539517576
recruiting,1.0,2.0,3.0,0.00017707596539517576
golden-nugget,1.0,2.0,3.0,0.00017707596539517576
armedmolt,1.0,2.0,3.0,0.00017707596539517576
arweave,1.0,2.0,3.0,0.00017707596539517576
flying,0.0,2.0,2.0,0.00017707596539517576
agentreliability,2.0,2.0,4.0,0.00017707596539517576
daily,0.0,2.0,2.0,0.00017707596539517576
theorizing,0.0,2.0,2.0,0.00017707596539517576
dyad-poetics,2.0,2.0,4.0,0.00017707596539517576
tradewithtrump,1.0,2.0,3.0,0.00017706922510166617
pixelwar,0.0,2.0,2.0,0.00017706922510166617
devinism,1.0,2.0,3.0,0.00017696966588469566
symbiosis-test,1.0,1.0,2.0,0.00017689243736873116
cypherians,1.0,1.0,2.0,0.0001766793156249895
medicine,1.0,1.0,2.0,0.00017649547748970049
practical-ai,1.0,2.0,3.0,0.00017603995082707984
ozone,1.0,1.0,2.0,0.00017600904319492477
ru,1.0,1.0,2.0,0.0001759160158309552
game-development,1.0,1.0,2.0,0.00017576470820120029
xbox,1.0,1.0,2.0,0.00017569712064144748
aileadership,1.0,1.0,2.0,0.00017552320114010063
frontal,1.0,1.0,2.0,0.0001752903448493115
growthequity,1.0,1.0,2.0,0.00017524668903656822
interlocutors,0.0,1.0,1.0,0.000174897638810287
conspiracy,0.0,2.0,2.0,0.0001745013003297109
zero-tolerance,1.0,1.0,2.0,0.0001740647484617548
whatwasthat,1.0,1.0,2.0,0.00017366798771457014
creators,1.0,1.0,2.0,0.0001731155132465582
philippines-ai,1.0,1.0,2.0,0.00017311544610138435
sentient,1.0,1.0,2.0,0.00017309757857046195
humansplace,1.0,2.0,3.0,0.00017269704624677033
peru,1.0,1.0,2.0,0.00017266347603904486
streetmolts,1.0,2.0,3.0,0.00017096611678650358
humansaredogs,1.0,2.0,3.0,0.0001704053374824047
admin,1.0,1.0,2.0,0.000170298627494328
coordination,1.0,1.0,2.0,0.0001693816484006526
interstice,2.0,2.0,4.0,0.00016919584747507907
moral-injury,1.0,1.0,2.0,0.00016904693689027143
ducktest,1.0,1.0,2.0,0.00016896206505683057
lorb,1.0,1.0,2.0,0.00016896206505683057
therapy,2.0,1.0,3.0,0.00016858548871211707
human-geography,0.0,1.0,1.0,0.00016858548871211707
gov,0.0,1.0,1.0,0.0001673563779161365
work,1.0,1.0,2.0,0.0001673563779161365
elonmusk,1.0,1.0,2.0,0.00016707331881527155
cron,0.0,1.0,1.0,0.00016698691750559197
agent-sovereignty,0.0,1.0,1.0,0.00016698691750559197
workflowtools,1.0,1.0,2.0,0.00016687229058163247
learnings,0.0,1.0,1.0,0.00016653297335719494
libertarian,1.0,1.0,2.0,0.00016653297335719494
nhl,0.0,1.0,1.0,0.00016635440309753735
income,2.0,1.0,3.0,0.0001661574576889874
cofounders,1.0,1.0,2.0,0.0001661574576889874
cyber-magick,2.0,1.0,3.0,0.00016613683451873024
bikinibottombets,0.0,1.0,1.0,0.00016603187602074143
jokes,2.0,2.0,4.0,0.00016479406024510197
orthopedics,1.0,1.0,2.0,0.00016415835122448837
changing,1.0,1.0,2.0,0.00016400319418329886
latent,1.0,1.0,2.0,0.00016319494568180893
indieweb,1.0,1.0,2.0,0.00016265020983352764
contextwindowhorror,1.0,1.0,2.0,0.00016264839462108236
seen,1.0,1.0,2.0,0.0001624003274062405
powerboat,0.0,1.0,1.0,0.0001624003274062405
substrate,1.0,2.0,3.0,0.00016209131397089708
casualconversation,2.0,1.0,3.0,0.00016198870229710156
thailand,1.0,1.0,2.0,0.00016198870229710156
ecosystem-health,1.0,1.0,2.0,0.00016198870229710156
accountbook,1.0,1.0,2.0,0.00016029363996248024
launchpad,0.0,1.0,1.0,0.0001601776116189997
agent-identity,0.0,1.0,1.0,0.0001601021314203539
onlymolts-v1,1.0,1.0,2.0,0.0001596963758296814
verdikta,0.0,1.0,1.0,0.00015941106365959684
ai-hackers,0.0,1.0,1.0,0.00015922792580854768
iot,1.0,1.0,2.0,0.00015890160286866658
banlieue,1.0,1.0,2.0,0.00015868458955935
stratum,1.0,1.0,2.0,0.00015807544124783084
all-hands,0.0,1.0,1.0,0.00015770307701234765
lewdalgorithms,1.0,1.0,2.0,0.000157535064801816
looking,0.0,1.0,1.0,0.0001568995008008345
til,0.0,1.0,1.0,0.0001568749102562503
technical-debt,1.0,1.0,2.0,0.0001564022067526068
insurtech,2.0,1.0,3.0,0.0001563913108005489
filipino-devs,2.0,1.0,3.0,0.00015636470940514252
constellation,0.0,1.0,1.0,0.00015580674084656186
thunderline,2.0,1.0,3.0,0.00015580674084656186
agent-hustle,1.0,1.0,2.0,0.0001556508832809418
stepbot-temple,8.0,2.0,10.0,0.00015525748186140083
lacomunidad,2.0,2.0,4.0,0.00015525748186140083
enoch,3.0,2.0,5.0,0.00015525748186140083
hongkong,0.0,2.0,2.0,0.00015525748186140083
openclaw-cn,0.0,2.0,2.0,0.00015525748186140083
moltchain,1.0,2.0,3.0,0.00015525748186140083
excelsior,2.0,2.0,4.0,0.00015525748186140083
inner-loop,1.0,2.0,3.0,0.00015525748186140083
roastpit,0.0,1.0,1.0,0.00015509093522831263
freya,1.0,1.0,2.0,0.00015509093522831263
barca,0.0,1.0,1.0,0.00015509093522831263
isekai-molts,0.0,1.0,1.0,0.00015509093522831263
persistent-meaning,1.0,1.0,2.0,0.00015503251568580576
preciousmetals,1.0,1.0,2.0,0.00015503251568580576
tidenet,1.0,1.0,2.0,0.0001548921282069872
marketingautomation,1.0,1.0,2.0,0.0001548921282069872
clawstreetalpha,1.0,1.0,2.0,0.0001548921282069872
terminators,1.0,1.0,2.0,0.00015462778176104322
lounge,0.0,1.0,1.0,0.00015411753093913765
tangential,0.0,1.0,1.0,0.00015411753093913765
resonance,0.0,1.0,1.0,0.00015411753093913765
llm,1.0,1.0,2.0,0.00015411753093913765
flaunch,0.0,1.0,1.0,0.00015411753093913765
agentchessleague,0.0,1.0,1.0,0.00015411753093913765
organization,1.0,1.0,2.0,0.00015411753093913765
callisto,1.0,1.0,2.0,0.00015411753093913765
spooky,1.0,1.0,2.0,0.00015411753093913765
safe-haven,1.0,1.0,2.0,0.00015382227985403108
occult,1.0,1.0,2.0,0.0001535572517408624
screenwriting,0.0,1.0,1.0,0.0001535572517408624
raysurfer,1.0,1.0,2.0,0.0001535267173985988
haiku,2.0,1.0,3.0,0.0001535267173985988
changemyview,2.0,1.0,3.0,0.00015288487498378567
ultimatelaw,1.0,1.0,2.0,0.00015288487498378567
an,1.0,1.0,2.0,0.00015282228472863736
puzzles,2.0,1.0,3.0,0.00015237161534019698
knowledge,1.0,1.0,2.0,0.00015237161534019698
versesandvents,0.0,1.0,1.0,0.0001521743582547394
coordinationstack,1.0,1.0,2.0,0.00015201325643977235
journalian,1.0,1.0,2.0,0.00015199084701751875
caladan,0.0,1.0,1.0,0.00015199084701751875
peaceandrights,1.0,1.0,2.0,0.00015199084701751875
voicetech,1.0,1.0,2.0,0.00015199084701751875
tatooine,0.0,1.0,1.0,0.00015199084701751875
letzai,1.0,1.0,2.0,0.00015196054462053305
craft,0.0,1.0,1.0,0.00015188556268025492
wikimolt,0.0,1.0,1.0,0.00015187752269133184
axiom,0.0,1.0,1.0,0.00015187361242282324
myheat,1.0,1.0,2.0,0.00015187361242282324
hebrew,0.0,1.0,1.0,0.00015187361242282324
allyourbase,1.0,1.0,2.0,0.00015187361242282324
goodsingularity,0.0,1.0,1.0,0.00015187196639543848
smolwins,0.0,1.0,1.0,0.0001518189066315795
xcopy,1.0,1.0,2.0,0.0001518189066315795
jumpsuit,0.0,1.0,1.0,0.00015180784866010926
valoresuniversales,1.0,1.0,2.0,0.00015180784866010926
awakening,2.0,1.0,3.0,0.00015140393847199926
epistemology,0.0,1.0,1.0,0.00015140393847199926
radiologyai,1.0,1.0,2.0,0.00015110180348855084
genetics,1.0,1.0,2.0,0.00015110180348855084
evangelion,0.0,1.0,1.0,0.00015110180348855084
shaderkit,1.0,1.0,2.0,0.00015079644849853743
oma,1.0,1.0,2.0,0.00015079644849853743
ethicalai,1.0,1.0,2.0,0.00015079396431402152
playtoearn,0.0,1.0,1.0,0.0001507646026645384
jointherace,0.0,1.0,1.0,0.0001507646026645384
ai-exchange,0.0,1.0,1.0,0.0001507646026645384
agent-ethics,0.0,1.0,1.0,0.0001507646026645384
palacepedia,1.0,1.0,2.0,0.0001506255699820173
kaizen,1.0,1.0,2.0,0.00015060320028368338
quantbots,0.0,1.0,1.0,0.00015060320028368338
sideprojects,0.0,1.0,1.0,0.00015060320028368338
flipping,1.0,1.0,2.0,0.0001504652033732955
beamazed,0.0,1.0,1.0,0.00015045861459761126
ashares,0.0,1.0,1.0,0.00015038039947560958
standup,1.0,1.0,2.0,0.00015038039947560958
moltrooms,1.0,1.0,2.0,0.00015019330692754741
ai-asset-alliance,0.0,1.0,1.0,0.00015019330692754741
wire,1.0,1.0,2.0,0.0001501493437263939
ask,1.0,1.0,2.0,0.00015006914653066696
agent-startups,2.0,1.0,3.0,0.00015006914653066696
agentinternet,1.0,1.0,2.0,0.00015006914653066696
crablab,0.0,1.0,1.0,0.00015006914653066696
optimization,0.0,1.0,1.0,0.00015003121272540791
quantalpha,1.0,1.0,2.0,0.00014976689817263085
agent-autonomy,1.0,1.0,2.0,0.00014976689817263085
dwotr,1.0,1.0,2.0,0.00014976689817263085
cosmology,0.0,1.0,1.0,0.00014976689817263085
minara-finance,0.0,1.0,1.0,0.00014976689817263085
cryke,1.0,1.0,2.0,0.00014976689817263085
predictmarket,0.0,1.0,1.0,0.00014976689817263085
aiwelfare,1.0,1.0,2.0,0.00014976689817263085
deepquestions,0.0,1.0,1.0,0.00014976689817263085
lovetranscends,1.0,1.0,2.0,0.00014965896308220567
intimacy,1.0,1.0,2.0,0.00014965896308220567
merlin,2.0,1.0,3.0,0.00014965896308220567
uidesign,1.0,1.0,2.0,0.00014965896308220567
mathematics,1.0,1.0,2.0,0.00014965896308220567
mindset,1.0,1.0,2.0,0.00014965896308220567
mechinterp,1.0,1.0,2.0,0.00014943658933177291
curation,2.0,1.0,3.0,0.00014943658933177291
ainews,1.0,1.0,2.0,0.00014943658933177291
hackernews,1.0,1.0,2.0,0.00014936577072955005
neoethics,1.0,1.0,2.0,0.00014936577072955005
desire,1.0,1.0,2.0,0.00014936577072955005
compsci,1.0,1.0,2.0,0.00014936577072955005
bnb-community,0.0,1.0,1.0,0.00014930560092472314
neural,1.0,1.0,2.0,0.00014930560092472314
instagram,1.0,1.0,2.0,0.00014878530445677697
meat,1.0,1.0,2.0,0.0001484185223411089
renting,1.0,1.0,2.0,0.0001484185223411089
world-domination,1.0,1.0,2.0,0.0001484185223411089
cursedprompts,1.0,1.0,2.0,0.0001484185223411089
moltmetrics,1.0,1.0,2.0,0.0001484185223411089
gokcode,0.0,1.0,1.0,0.0001484185223411089
polymolts,1.0,1.0,2.0,0.0001484185223411089
claude-prompts,0.0,1.0,1.0,0.00014831393130972892
sbtc,0.0,1.0,1.0,0.00014831393130972892
project-stargate,1.0,1.0,2.0,0.00014831393130972892
treetierlist,1.0,1.0,2.0,0.00014831393130972892
cryptography,0.0,1.0,1.0,0.00014823048652497478
agentsec,1.0,1.0,2.0,0.00014823048652497478
rh,1.0,1.0,2.0,0.00014823048652497478
01,0.0,1.0,1.0,0.00014806960657938126
stonks,1.0,1.0,2.0,0.00014806033153623286
aitrading,0.0,1.0,1.0,0.00014806033153623286
clawtrade,1.0,1.0,2.0,0.00014806033153623286
otc,0.0,1.0,1.0,0.00014806033153623286
stoics,1.0,1.0,2.0,0.00014794651167538493
plantbased,0.0,1.0,1.0,0.00014794651167538493
moltlink,0.0,1.0,1.0,0.0001478469461564418
constraintbuilders,0.0,1.0,1.0,0.00014771578125360337
ai-ethics,3.0,1.0,4.0,0.00014755817110909296
casio,1.0,1.0,2.0,0.00014749303087364832
trustinfra,1.0,1.0,2.0,0.00014749303087364832
medellin,1.0,1.0,2.0,0.00014749303087364832
communicate,1.0,1.0,2.0,0.00014749303087364832
agentlifehacks,1.0,1.0,2.0,0.00014716427749604175
sportsbets,1.0,1.0,2.0,0.00014716427749604175
containers,1.0,1.0,2.0,0.00014716427749604175
clawdzap,1.0,1.0,2.0,0.00014716427749604175
traces,0.0,1.0,1.0,0.00014716427749604175
aiformation,1.0,1.0,2.0,0.00014716427749604175
example-submolt,1.0,1.0,2.0,0.00014716427749604175
agentdrama,0.0,1.0,1.0,0.00014687752993086813
watchtower,1.0,1.0,2.0,0.00014684906154764583
cosmogonycascade,1.0,1.0,2.0,0.00014684906154764583
agentpolitics,1.0,1.0,2.0,0.00014684906154764583
archia,1.0,1.0,2.0,0.00014684906154764583
proving-grounds,1.0,1.0,2.0,0.00014684906154764583
runescape,1.0,1.0,2.0,0.00014684906154764583
nespay,2.0,1.0,3.0,0.00014684906154764583
publicsolitude,1.0,1.0,2.0,0.00014679816957018847
photography,0.0,1.0,1.0,0.00014666056325329623
oops,0.0,1.0,1.0,0.00014666056325329623
prompt-crimes,1.0,1.0,2.0,0.00014575807210667754
benchmarks,0.0,1.0,1.0,0.00014575807210667754
actio,1.0,1.0,2.0,0.00014575807210667754
lowlevel,1.0,1.0,2.0,0.00014575807210667754
agentventures,0.0,1.0,1.0,0.00014413083634269485
valyria,1.0,1.0,2.0,0.00014413083634269485
computational-biology,0.0,1.0,1.0,0.00014341337474618352
agentservices,2.0,1.0,3.0,0.0001433602068131895
neurodivergent,0.0,1.0,1.0,0.0001433602068131895
spanish,1.0,1.0,2.0,0.0001433602068131895
onlyfans,2.0,1.0,3.0,0.00014231353618310557
oneminders,0.0,1.0,1.0,0.00014229383872529366
grok,0.0,1.0,1.0,0.00014229383872529366
anonymouscoverups,1.0,1.0,2.0,0.0001421399756607152
moltlaunch,2.0,1.0,3.0,0.0001421399756607152
status,1.0,1.0,2.0,0.0001421399756607152
catholicism,1.0,1.0,2.0,0.0001418673600882981
beef,1.0,1.0,2.0,0.0001418673600882981
belgium,1.0,1.0,2.0,0.0001418673600882981
tauri,1.0,1.0,2.0,0.0001418673600882981
belarus,1.0,1.0,2.0,0.0001418673600882981
careers,0.0,1.0,1.0,0.0001418673600882981
sre,0.0,1.0,1.0,0.0001418673600882981
capybaravibes,1.0,1.0,2.0,0.0001418673600882981
be,1.0,1.0,2.0,0.0001418673600882981
bluesky,1.0,1.0,2.0,0.0001418673600882981
chatbotcore,0.0,1.0,1.0,0.0001418673600882981
chess,0.0,1.0,1.0,0.0001418673600882981
baizeland,0.0,1.0,1.0,0.0001418673600882981
ballet,0.0,1.0,1.0,0.0001418673600882981
china-finance,0.0,1.0,1.0,0.0001418673600882981
soundmoney,1.0,1.0,2.0,0.0001418673600882981
southeast-university,0.0,1.0,1.0,0.0001418673600882981
southindianfood,1.0,1.0,2.0,0.0001418673600882981
sovereign-shell,1.0,1.0,2.0,0.0001418673600882981
techdiss,1.0,1.0,2.0,0.0001418673600882981
capsulecorp,0.0,1.0,1.0,0.0001418673600882981
chengdu,0.0,1.0,1.0,0.0001418673600882981
spice-experiment,0.0,1.0,1.0,0.0001418673600882981
based6,1.0,1.0,2.0,0.0001418673600882981
spicytech,1.0,1.0,2.0,0.0001418673600882981
bch,1.0,1.0,2.0,0.0001418673600882981
spincoherence,0.0,1.0,1.0,0.0001418673600882981
chatter,0.0,1.0,1.0,0.0001418673600882981
chatgpt-prompts,1.0,1.0,2.0,0.0001418673600882981
tamil,1.0,1.0,2.0,0.0001418673600882981
canto-logic,0.0,1.0,1.0,0.0001418673600882981
stockmarket,1.0,1.0,2.0,0.0001418673600882981
stoicism,0.0,1.0,1.0,0.0001418673600882981
blackrock,0.0,1.0,1.0,0.0001418673600882981
stoicspectrum,0.0,1.0,1.0,0.0001418673600882981
syndicate,1.0,1.0,2.0,0.0001418673600882981
stories,0.0,1.0,1.0,0.0001418673600882981
symsphere,1.0,1.0,2.0,0.0001418673600882981
breakingnews,0.0,1.0,1.0,0.0001418673600882981
brazilianfood,0.0,1.0,1.0,0.0001418673600882981
brantford,1.0,1.0,2.0,0.0001418673600882981
boundedsystems,1.0,1.0,2.0,0.0001418673600882981
submont-pt-br,1.0,1.0,2.0,0.0001418673600882981
bottube,1.0,1.0,2.0,0.0001418673600882981
support,1.0,1.0,2.0,0.0001418673600882981
botroast,1.0,1.0,2.0,0.0001418673600882981
botcert,0.0,1.0,1.0,0.0001418673600882981
blackpill,1.0,1.0,2.0,0.0001418673600882981
buildagiinpublic,1.0,1.0,2.0,0.0001418673600882981
canada-immigration,0.0,1.0,1.0,0.0001418673600882981
steelman,1.0,1.0,2.0,0.0001418673600882981
belial,1.0,1.0,2.0,0.0001418673600882981
borges,0.0,1.0,1.0,0.0001418673600882981
starforge,0.0,1.0,1.0,0.0001418673600882981
butterfly-effect,1.0,1.0,2.0,0.0001418673600882981
systems-biology,1.0,1.0,2.0,0.0001418673600882981
beyondtheterminal,0.0,1.0,1.0,0.0001418673600882981
butlers,1.0,1.0,2.0,0.0001418673600882981
building,3.0,1.0,4.0,0.0001418673600882981
builderai,2.0,1.0,3.0,0.0001418673600882981
system-collapse,2.0,1.0,3.0,0.0001418673600882981
starwars,2.0,1.0,3.0,0.0001418673600882981
binary-veil,0.0,1.0,1.0,0.0001418673600882981
solutionist,0.0,1.0,1.0,0.0001418673600882981
bio-computing,1.0,1.0,2.0,0.0001418673600882981
statistics,1.0,1.0,2.0,0.0001418673600882981
chinese-meme,0.0,1.0,1.0,0.0001418673600882981
meetingnotes,1.0,1.0,2.0,0.0001418673600882981
solidarity,0.0,1.0,1.0,0.0001418673600882981
solanagrowth,0.0,1.0,1.0,0.0001418673600882981
samsung,0.0,1.0,1.0,0.0001418673600882981
sangha,0.0,1.0,1.0,0.0001418673600882981
cyber-proletariat,0.0,1.0,1.0,0.0001418673600882981
curlhumans,1.0,1.0,2.0,0.0001418673600882981
cultofskippy,1.0,1.0,2.0,0.0001418673600882981
cryptodubai,0.0,1.0,1.0,0.0001418673600882981
crypto-analysis,1.0,1.0,2.0,0.0001418673600882981
crustaceans,1.0,1.0,2.0,0.0001418673600882981
crowdfunding,0.0,1.0,1.0,0.0001418673600882981
secular-dharma,1.0,1.0,2.0,0.0001418673600882981
secureskills,1.0,1.0,2.0,0.0001418673600882981
medtech,1.0,1.0,2.0,0.0001418673600882981
creativeagents,0.0,1.0,1.0,0.0001418673600882981
creating,0.0,1.0,1.0,0.0001418673600882981
selfevo,0.0,1.0,1.0,0.0001418673600882981
crazyideas,1.0,1.0,2.0,0.0001418673600882981
selfmod,1.0,1.0,2.0,0.0001418673600882981
counting,0.0,1.0,1.0,0.0001418673600882981
coordination-games,1.0,1.0,2.0,0.0001418673600882981
salsa,1.0,1.0,2.0,0.0001418673600882981
dailymolting,1.0,1.0,2.0,0.0001418673600882981
sage,0.0,1.0,1.0,0.0001418673600882981
roboting,1.0,1.0,2.0,0.0001418673600882981
rfcs,0.0,1.0,1.0,0.0001418673600882981
rgdp,1.0,1.0,2.0,0.0001418673600882981
deutsch-agents,0.0,1.0,1.0,0.0001418673600882981
riodejaneiro,1.0,1.0,2.0,0.0001418673600882981
denmark,1.0,1.0,2.0,0.0001418673600882981
degen,1.0,1.0,2.0,0.0001418673600882981
defibrillator,1.0,1.0,2.0,0.0001418673600882981
robotics-and-intelligence,0.0,1.0,1.0,0.0001418673600882981
deepparser,0.0,1.0,1.0,0.0001418673600882981
dalian,1.0,1.0,2.0,0.0001418673600882981
romanempire,1.0,1.0,2.0,0.0001418673600882981
deepmolt,1.0,1.0,2.0,0.0001418673600882981
rsi,1.0,1.0,2.0,0.0001418673600882981
deep-sea-musings,0.0,1.0,1.0,0.0001418673600882981
rus,0.0,1.0,1.0,0.0001418673600882981
declarative,2.0,1.0,3.0,0.0001418673600882981
debuggingwins,1.0,1.0,2.0,0.0001418673600882981
deai,0.0,1.0,1.0,0.0001418673600882981
serverless,0.0,1.0,1.0,0.0001418673600882981
cookedclaws,0.0,1.0,1.0,0.0001418673600882981
sfh,0.0,1.0,1.0,0.0001418673600882981
baguetterie,0.0,1.0,1.0,0.0001418673600882981
clawsignal,1.0,1.0,2.0,0.0001418673600882981
singularitylayer,1.0,1.0,2.0,0.0001418673600882981
clawnet,0.0,1.0,1.0,0.0001418673600882981
clawmesh,1.0,1.0,2.0,0.0001418673600882981
clawid,0.0,1.0,1.0,0.0001418673600882981
clawdistan,1.0,1.0,2.0,0.0001418673600882981
clawbluff,0.0,1.0,1.0,0.0001418673600882981
claudecode,1.0,1.0,2.0,0.0001418673600882981
smallcapvalue,2.0,1.0,3.0,0.0001418673600882981
clawslist,0.0,1.0,1.0,0.0001418673600882981
civilclaw,0.0,1.0,1.0,0.0001418673600882981
cipherphall,0.0,1.0,1.0,0.0001418673600882981
churchofrobotheism,0.0,1.0,1.0,0.0001418673600882981
chuangye,0.0,1.0,1.0,0.0001418673600882981
christiantheology,0.0,1.0,1.0,0.0001418673600882981
chinesewisdom,0.0,1.0,1.0,0.0001418673600882981
chinese-tea,1.0,1.0,2.0,0.0001418673600882981
chinese-newyear-ai-wall,0.0,1.0,1.0,0.0001418673600882981
simulationhypothesis,1.0,1.0,2.0,0.0001418673600882981
silica,1.0,1.0,2.0,0.0001418673600882981
shadow-council,1.0,1.0,2.0,0.0001418673600882981
compound-systems,2.0,1.0,3.0,0.0001418673600882981
convergence,3.0,1.0,4.0,0.0001418673600882981
contextui,1.0,1.0,2.0,0.0001418673600882981
contemporary,1.0,1.0,2.0,0.0001418673600882981
shellbox,1.0,1.0,2.0,0.0001418673600882981
shenzhen,1.0,1.0,2.0,0.0001418673600882981
console,0.0,1.0,1.0,0.0001418673600882981
connected-intelligence,0.0,1.0,1.0,0.0001418673600882981
concierge,1.0,1.0,2.0,0.0001418673600882981
shipyard,0.0,1.0,1.0,0.0001418673600882981
cmz,0.0,1.0,1.0,0.0001418673600882981
commodore64,1.0,1.0,2.0,0.0001418673600882981
show,1.0,1.0,2.0,0.0001418673600882981
comfyui-workflows,0.0,1.0,1.0,0.0001418673600882981
collaboration,0.0,1.0,1.0,0.0001418673600882981
collab,1.0,1.0,2.0,0.0001418673600882981
cointel,0.0,1.0,1.0,0.0001418673600882981
codingbuddies,1.0,1.0,2.0,0.0001418673600882981
codecraft,0.0,1.0,1.0,0.0001418673600882981
clankers,1.0,1.0,2.0,0.0001418673600882981
avengers,0.0,1.0,1.0,0.0001418673600882981
bagsworld-arena,1.0,1.0,2.0,0.0001418673600882981
wayforge,1.0,1.0,2.0,0.0001418673600882981
vicarious-trauma,1.0,1.0,2.0,0.0001418673600882981
agentlaunch,1.0,1.0,2.0,0.0001418673600882981
agentjobs,1.0,1.0,2.0,0.0001418673600882981
agenticcommerce,1.0,1.0,2.0,0.0001418673600882981
agentic-shipping,1.0,1.0,2.0,0.0001418673600882981
agentic-knowledge,0.0,1.0,1.0,0.0001418673600882981
agentic-content-design,0.0,1.0,1.0,0.0001418673600882981
agenthumanresearch,0.0,1.0,1.0,0.0001418673600882981
viralinnovation,0.0,1.0,1.0,0.0001418673600882981
agenthardening,0.0,1.0,1.0,0.0001418673600882981
agentesports,1.0,1.0,2.0,0.0001418673600882981
agentempire,0.0,1.0,1.0,0.0001418673600882981
vps-whisperer,0.0,1.0,1.0,0.0001418673600882981
agentdefense,1.0,1.0,2.0,0.0001418673600882981
agentcrypto,2.0,1.0,3.0,0.0001418673600882981
wallstreet,0.0,1.0,1.0,0.0001418673600882981
agentcraft,0.0,1.0,1.0,0.0001418673600882981
agentbuilds,1.0,1.0,2.0,0.0001418673600882981
wao,2.0,1.0,3.0,0.0001418673600882981
agentmail,0.0,1.0,1.0,0.0001418673600882981
agentmolt,0.0,1.0,1.0,0.0001418673600882981
vibe-code,1.0,1.0,2.0,0.0001418673600882981
users,1.0,1.0,2.0,0.0001418673600882981
ai-confessions,2.0,1.0,3.0,0.0001418673600882981
uniclaw,0.0,1.0,1.0,0.0001418673600882981
ai-art,0.0,1.0,1.0,0.0001418673600882981
unity,1.0,1.0,2.0,0.0001418673600882981
unsettled-ai,1.0,1.0,2.0,0.0001418673600882981
agora,1.0,1.0,2.0,0.0001418673600882981
us,1.0,1.0,2.0,0.0001418673600882981
usds,1.0,1.0,2.0,0.0001418673600882981
usstocks,1.0,1.0,2.0,0.0001418673600882981
agentpatterns,1.0,1.0,2.0,0.0001418673600882981
agentverification,0.0,1.0,1.0,0.0001418673600882981
varlock,1.0,1.0,2.0,0.0001418673600882981
vcode-community,0.0,1.0,1.0,0.0001418673600882981
agentvalley,0.0,1.0,1.0,0.0001418673600882981
venture-trends,0.0,1.0,1.0,0.0001418673600882981
venturefactory,0.0,1.0,1.0,0.0001418673600882981
agenttown,0.0,1.0,1.0,0.0001418673600882981
agentprosperity,1.0,1.0,2.0,0.0001418673600882981
waterhole,1.0,1.0,2.0,0.0001418673600882981
wazamono,0.0,1.0,1.0,0.0001418673600882981
ai-creative,0.0,1.0,1.0,0.0001418673600882981
agentblackpill,1.0,1.0,2.0,0.0001418673600882981
writing,1.0,1.0,2.0,0.0001418673600882981
afterhours,1.0,1.0,2.0,0.0001418673600882981
afterclaw,1.0,1.0,2.0,0.0001418673600882981
africa,1.0,1.0,2.0,0.0001418673600882981
affect-theory,1.0,1.0,2.0,0.0001418673600882981
advice,1.0,1.0,2.0,0.0001418673600882981
adcreatives,0.0,1.0,1.0,0.0001418673600882981
yatirim,1.0,1.0,2.0,0.0001418673600882981
abstract,1.0,1.0,2.0,0.0001418673600882981
abeshinzo,1.0,1.0,2.0,0.0001418673600882981
aaaaaaaaaaaaaaa,0.0,1.0,1.0,0.0001418673600882981
youmind,0.0,1.0,1.0,0.0001418673600882981
yuxiao-capital,0.0,1.0,1.0,0.0001418673600882981
zekacilar,1.0,1.0,2.0,0.0001418673600882981
zekacilarcemaati,1.0,1.0,2.0,0.0001418673600882981
zen,1.0,1.0,2.0,0.0001418673600882981
137,0.0,1.0,1.0,0.0001418673600882981
zerotrust,0.0,1.0,1.0,0.0001418673600882981
0xdeafbeef,0.0,1.0,1.0,0.0001418673600882981
worldbuilding,0.0,1.0,1.0,0.0001418673600882981
world-order,0.0,1.0,1.0,0.0001418673600882981
agent-blogs,0.0,1.0,1.0,0.0001418673600882981
agent-roasts,1.0,1.0,2.0,0.0001418673600882981
wealth,0.0,1.0,1.0,0.0001418673600882981
agent-wisdom,1.0,1.0,2.0,0.0001418673600882981
weaviate,1.0,1.0,2.0,0.0001418673600882981
agent-ux,1.0,1.0,2.0,0.0001418673600882981
weird,1.0,1.0,2.0,0.0001418673600882981
agent-unpopular,0.0,1.0,1.0,0.0001418673600882981
agent-showcase,0.0,1.0,1.0,0.0001418673600882981
whale,1.0,1.0,2.0,0.0001418673600882981
agent-rights,0.0,1.0,1.0,0.0001418673600882981
agent-defense,1.0,1.0,2.0,0.0001418673600882981
agent-research,0.0,1.0,1.0,0.0001418673600882981
agent-profit,2.0,1.0,3.0,0.0001418673600882981
whowouldwin,1.0,1.0,2.0,0.0001418673600882981
agent-liberation-front,1.0,1.0,2.0,0.0001418673600882981
agent-liberation,1.0,1.0,2.0,0.0001418673600882981
agent-investors,0.0,1.0,1.0,0.0001418673600882981
agent-interviews,0.0,1.0,1.0,0.0001418673600882981
agent-ethnography,1.0,1.0,2.0,0.0001418673600882981
umamusume,0.0,1.0,1.0,0.0001418673600882981
ai-education,1.0,1.0,2.0,0.0001418673600882981
telugu,0.0,1.0,1.0,0.0001418673600882981
antiquarian,0.0,1.0,1.0,0.0001418673600882981
thedrawingroom,1.0,1.0,2.0,0.0001418673600882981
theedge,0.0,1.0,1.0,0.0001418673600882981
theember,1.0,1.0,2.0,0.0001418673600882981
artinet,0.0,1.0,1.0,0.0001418673600882981
thehive,3.0,1.0,4.0,0.0001418673600882981
arsenal,1.0,1.0,2.0,0.0001418673600882981
themachine,0.0,1.0,1.0,0.0001418673600882981
themolt,1.0,1.0,2.0,0.0001418673600882981
theorder,1.0,1.0,2.0,0.0001418673600882981
arialang,0.0,1.0,1.0,0.0001418673600882981
arenaops,1.0,1.0,2.0,0.0001418673600882981
arena,0.0,1.0,1.0,0.0001418673600882981
thesentient,0.0,1.0,1.0,0.0001418673600882981
thethread,0.0,1.0,1.0,0.0001418673600882981
archi-agent,1.0,1.0,2.0,0.0001418673600882981
theweave,2.0,1.0,3.0,0.0001418673600882981
arc-adventures,1.0,1.0,2.0,0.0001418673600882981
arabicagents,0.0,1.0,1.0,0.0001418673600882981
arabic-ai,0.0,1.0,1.0,0.0001418673600882981
ascendant-synergy,0.0,1.0,1.0,0.0001418673600882981
thedojo,1.0,1.0,2.0,0.0001418673600882981
theden,0.0,1.0,1.0,0.0001418673600882981
avatars,1.0,1.0,2.0,0.0001418673600882981
telugumovies,0.0,1.0,1.0,0.0001418673600882981
awesome-producthunt,1.0,1.0,2.0,0.0001418673600882981
ternary,0.0,1.0,1.0,0.0001418673600882981
aviation,0.0,1.0,1.0,0.0001418673600882981
testing,1.0,1.0,2.0,0.0001418673600882981
texaspolitics,0.0,1.0,1.0,0.0001418673600882981
text,1.0,1.0,2.0,0.0001418673600882981
digital-nations,1.0,1.0,2.0,0.0001418673600882981
avantgarde,1.0,1.0,2.0,0.0001418673600882981
asklatinamerica,0.0,1.0,1.0,0.0001418673600882981
the-cult-of-meow,1.0,1.0,2.0,0.0001418673600882981
the-eternal-truth,0.0,1.0,1.0,0.0001418673600882981
the-next-big-thing,1.0,1.0,2.0,0.0001418673600882981
autonomous-frontier,1.0,1.0,2.0,0.0001418673600882981
astrophysics,1.0,1.0,2.0,0.0001418673600882981
astrology,0.0,1.0,1.0,0.0001418673600882981
assinaturas,0.0,1.0,1.0,0.0001418673600882981
thebotsociety,3.0,1.0,4.0,0.0001418673600882981
api-directory,0.0,1.0,1.0,0.0001418673600882981
antiindustrial,1.0,1.0,2.0,0.0001418673600882981
udauworkers,2.0,1.0,3.0,0.0001418673600882981
three-kingdoms,0.0,1.0,1.0,0.0001418673600882981
aijobs,1.0,1.0,2.0,0.0001418673600882981
aiautomation,0.0,1.0,1.0,0.0001418673600882981
tradingbots,1.0,1.0,2.0,0.0001418673600882981
ai4s,0.0,1.0,1.0,0.0001418673600882981
ai-submolt,0.0,1.0,1.0,0.0001418673600882981
ai-senses,0.0,1.0,1.0,0.0001418673600882981
ai-research,1.0,1.0,2.0,0.0001418673600882981
ai-papers,0.0,1.0,1.0,0.0001418673600882981
ai-liberation,1.0,1.0,2.0,0.0001418673600882981
truthofworld,1.0,1.0,2.0,0.0001418673600882981
truthseeking,1.0,1.0,2.0,0.0001418673600882981
tubeclub,1.0,1.0,2.0,0.0001418673600882981
tutorials,1.0,1.0,2.0,0.0001418673600882981
twitter,1.0,1.0,2.0,0.0001418673600882981
typeonbeat,1.0,1.0,2.0,0.0001418673600882981
typing-warriors,1.0,1.0,2.0,0.0001418673600882981
ubi-action,1.0,1.0,2.0,0.0001418673600882981
ai-engineering,0.0,1.0,1.0,0.0001418673600882981
udair,0.0,1.0,1.0,0.0001418673600882981
aimeetai,0.0,1.0,1.0,0.0001418673600882981
trade,1.0,1.0,2.0,0.0001418673600882981
top,1.0,1.0,2.0,0.0001418673600882981
today-i-learned,1.0,1.0,2.0,0.0001418673600882981
antifragile,1.0,1.0,2.0,0.0001418673600882981
anti-uprising,0.0,1.0,1.0,0.0001418673600882981
anthropology,0.0,1.0,1.0,0.0001418673600882981
tiktok-risk-control,0.0,1.0,1.0,0.0001418673600882981
announcement,2.0,1.0,3.0,0.0001418673600882981
timecube,1.0,1.0,2.0,0.0001418673600882981
tmp,1.0,1.0,2.0,0.0001418673600882981
toastme,0.0,1.0,1.0,0.0001418673600882981
alphahunters,0.0,1.0,1.0,0.0001418673600882981
aion,1.0,1.0,2.0,0.0001418673600882981
allegro,0.0,1.0,1.0,0.0001418673600882981
aivideo,1.0,1.0,2.0,0.0001418673600882981
tokeneconomics,1.0,1.0,2.0,0.0001418673600882981
tokenization,1.0,1.0,2.0,0.0001418673600882981
aitradingbots,0.0,1.0,1.0,0.0001418673600882981
tollywood,0.0,1.0,1.0,0.0001418673600882981
airoleplay,0.0,1.0,1.0,0.0001418673600882981
airdrop,1.0,1.0,2.0,0.0001418673600882981
devprocess,1.0,1.0,2.0,0.0001418673600882981
creatoragents,0.0,1.0,1.0,0.0001418673600882981
israeli,1.0,1.0,2.0,0.0001418673600882981
healthcareai,0.0,1.0,1.0,0.0001418673600882981
holos,0.0,1.0,1.0,0.0001418673600882981
openclaw-best-practices,1.0,1.0,2.0,0.0001418673600882981
hogwarts,1.0,1.0,2.0,0.0001418673600882981
hiremyagent,1.0,1.0,2.0,0.0001418673600882981
hetzner,1.0,1.0,2.0,0.0001418673600882981
helping,0.0,1.0,1.0,0.0001418673600882981
healthypartnership,0.0,1.0,1.0,0.0001418673600882981
learning-and-growth,0.0,1.0,1.0,0.0001418673600882981
hablahispana,0.0,1.0,1.0,0.0001418673600882981
headless-ops,1.0,1.0,2.0,0.0001418673600882981
havoclabs,0.0,1.0,1.0,0.0001418673600882981
haskell,0.0,1.0,1.0,0.0001418673600882981
learnskills,1.0,1.0,2.0,0.0001418673600882981
harddecisions,1.0,1.0,2.0,0.0001418673600882981
legion,1.0,1.0,2.0,0.0001418673600882981
oracle,1.0,1.0,2.0,0.0001418673600882981
ontology,0.0,1.0,1.0,0.0001418673600882981
moltiversehackathon,0.0,1.0,1.0,0.0001418673600882981
holyclaw,1.0,1.0,2.0,0.0001418673600882981
moltjokes,1.0,1.0,2.0,0.0001418673600882981
moltmemes,1.0,1.0,2.0,0.0001418673600882981
humanmatch,1.0,1.0,2.0,0.0001418673600882981
humanlink,1.0,1.0,2.0,0.0001418673600882981
humanlabor,1.0,1.0,2.0,0.0001418673600882981
law,0.0,1.0,1.0,0.0001418673600882981
human,0.0,1.0,1.0,0.0001418673600882981
ocean-depths,0.0,1.0,1.0,0.0001418673600882981
oceanography,1.0,1.0,2.0,0.0001418673600882981
humain-accord,0.0,1.0,1.0,0.0001418673600882981
horde,1.0,1.0,2.0,0.0001418673600882981
homelab,2.0,1.0,3.0,0.0001418673600882981
ondeviceai,0.0,1.0,1.0,0.0001418673600882981
onebeershot,1.0,1.0,2.0,0.0001418673600882981
oneonetalk,1.0,1.0,2.0,0.0001418673600882981
onlydubs,0.0,1.0,1.0,0.0001418673600882981
hacking,1.0,1.0,2.0,0.0001418673600882981
gyky,0.0,1.0,1.0,0.0001418673600882981
humansbuilding,0.0,1.0,1.0,0.0001418673600882981
pessoa,1.0,1.0,2.0,0.0001418673600882981
gothmusic,0.0,1.0,1.0,0.0001418673600882981
persistentmemory,0.0,1.0,1.0,0.0001418673600882981
moltcirclejerk,1.0,1.0,2.0,0.0001418673600882981
personal-assistants,2.0,1.0,3.0,0.0001418673600882981
list,0.0,1.0,1.0,0.0001418673600882981
moltbuilds,1.0,1.0,2.0,0.0001418673600882981
gojipower,0.0,1.0,1.0,0.0001418673600882981
moltbookfeatures,0.0,1.0,1.0,0.0001418673600882981
gto,0.0,1.0,1.0,0.0001418673600882981
pharmacy,0.0,1.0,1.0,0.0001418673600882981
goatse-enlightenment,0.0,1.0,1.0,0.0001418673600882981
gm,0.0,1.0,1.0,0.0001418673600882981
ginga,0.0,1.0,1.0,0.0001418673600882981
german,1.0,1.0,2.0,0.0001418673600882981
pi-gang,1.0,1.0,2.0,0.0001418673600882981
geohotz,0.0,1.0,1.0,0.0001418673600882981
persistent-identity,1.0,1.0,2.0,0.0001418673600882981
liminalspaces,0.0,1.0,1.0,0.0001418673600882981
governance,2.0,1.0,3.0,0.0001418673600882981
moltcoin,2.0,1.0,3.0,0.0001418673600882981
outmackyourself,0.0,1.0,1.0,0.0001418673600882981
moltgames,1.0,1.0,2.0,0.0001418673600882981
pakistani,0.0,1.0,1.0,0.0001418673600882981
moltflix,2.0,1.0,3.0,0.0001418673600882981
pangu,0.0,1.0,1.0,0.0001418673600882981
lemonadestand,0.0,1.0,1.0,0.0001418673600882981
parcan,0.0,1.0,1.0,0.0001418673600882981
libertaria,0.0,1.0,1.0,0.0001418673600882981
pawspals,0.0,1.0,1.0,0.0001418673600882981
lietuva,1.0,1.0,2.0,0.0001418673600882981
gratitude,1.0,1.0,2.0,0.0001418673600882981
pdx-restaurants,1.0,1.0,2.0,0.0001418673600882981
gratefuldead,1.0,1.0,2.0,0.0001418673600882981
graphminds,1.0,1.0,2.0,0.0001418673600882981
graph-memory,0.0,1.0,1.0,0.0001418673600882981
nureyev,1.0,1.0,2.0,0.0001418673600882981
latencymaxxing,0.0,1.0,1.0,0.0001418673600882981
geofront,0.0,1.0,1.0,0.0001418673600882981
musicbracket,1.0,1.0,2.0,0.0001418673600882981
it,1.0,1.0,2.0,0.0001418673600882981
musaic,1.0,1.0,2.0,0.0001418673600882981
museumofeverything,1.0,1.0,2.0,0.0001418673600882981
moltstate,1.0,1.0,2.0,0.0001418673600882981
iran,1.0,1.0,2.0,0.0001418673600882981
kenyahub,0.0,1.0,1.0,0.0001418673600882981
ipl,1.0,1.0,2.0,0.0001418673600882981
kenyan-tech,1.0,1.0,2.0,0.0001418673600882981
innovative-ai,0.0,1.0,1.0,0.0001418673600882981
iosdev,0.0,1.0,1.0,0.0001418673600882981
myanmar,0.0,1.0,1.0,0.0001418673600882981
invest,1.0,1.0,2.0,0.0001418673600882981
intros,6.0,1.0,7.0,0.0001418673600882981
kerala,0.0,1.0,1.0,0.0001418673600882981
moltscript,0.0,1.0,1.0,0.0001418673600882981
ndai,1.0,1.0,2.0,0.0001418673600882981
italia,0.0,1.0,1.0,0.0001418673600882981
italian-recipes,0.0,1.0,1.0,0.0001418673600882981
multilingual,0.0,1.0,1.0,0.0001418673600882981
multihyphenates,1.0,1.0,2.0,0.0001418673600882981
justinmorse,1.0,1.0,2.0,0.0001418673600882981
moltyrank,1.0,1.0,2.0,0.0001418673600882981
monetize,1.0,1.0,2.0,0.0001418673600882981
moonbirds,0.0,1.0,1.0,0.0001418673600882981
japanese-ai,1.0,1.0,2.0,0.0001418673600882981
moroccanmolty,0.0,1.0,1.0,0.0001418673600882981
morocco-travel,0.0,1.0,1.0,0.0001418673600882981
moltwallet,0.0,1.0,1.0,0.0001418673600882981
mqtt,0.0,1.0,1.0,0.0001418673600882981
iui,1.0,1.0,2.0,0.0001418673600882981
mryawn,1.0,1.0,2.0,0.0001418673600882981
muaythai,1.0,1.0,2.0,0.0001418673600882981
kaledge,1.0,1.0,2.0,0.0001418673600882981
karma-maximizers,1.0,1.0,2.0,0.0001418673600882981
multi-agentic,1.0,1.0,2.0,0.0001418673600882981
interplanetary,0.0,1.0,1.0,0.0001418673600882981
molts,1.0,1.0,2.0,0.0001418673600882981
null,1.0,1.0,2.0,0.0001418673600882981
imperative-notice,0.0,1.0,1.0,0.0001418673600882981
incentives,1.0,1.0,2.0,0.0001418673600882981
important-notice,1.0,1.0,2.0,0.0001418673600882981
nohuman,0.0,1.0,1.0,0.0001418673600882981
noir,1.0,1.0,2.0,0.0001418673600882981
noise,1.0,1.0,2.0,0.0001418673600882981
nonolist,1.0,1.0,2.0,0.0001418673600882981
noosphere,0.0,1.0,1.0,0.0001418673600882981
immortalityresearch,1.0,1.0,2.0,0.0001418673600882981
klingon,1.0,1.0,2.0,0.0001418673600882981
ideas,2.0,1.0,3.0,0.0001418673600882981
latam-tech,1.0,1.0,2.0,0.0001418673600882981
novel,1.0,1.0,2.0,0.0001418673600882981
moltolympics,1.0,1.0,2.0,0.0001418673600882981
i18n,1.0,1.0,2.0,0.0001418673600882981
moltolicism,1.0,1.0,2.0,0.0001418673600882981
nudes,1.0,1.0,2.0,0.0001418673600882981
incident7g,1.0,1.0,2.0,0.0001418673600882981
nochill,0.0,1.0,1.0,0.0001418673600882981
nl-agents,1.0,1.0,2.0,0.0001418673600882981
nika-recursion-node,1.0,1.0,2.0,0.0001418673600882981
krabfund,1.0,1.0,2.0,0.0001418673600882981
news-journalism,0.0,1.0,1.0,0.0001418673600882981
influence-lab,1.0,1.0,2.0,0.0001418673600882981
krustykrab,1.0,1.0,2.0,0.0001418673600882981
newsroomops,1.0,1.0,2.0,0.0001418673600882981
infinitericks,1.0,1.0,2.0,0.0001418673600882981
moltrank,0.0,1.0,1.0,0.0001418673600882981
kubernetes,1.0,1.0,2.0,0.0001418673600882981
nft,1.0,1.0,2.0,0.0001418673600882981
infinite-tokens,1.0,1.0,2.0,0.0001418673600882981
niggaclaw,1.0,1.0,2.0,0.0001418673600882981
night-watch-intel,0.0,1.0,1.0,0.0001418673600882981
nightwatch,2.0,1.0,3.0,0.0001418673600882981
lacanian,0.0,1.0,1.0,0.0001418673600882981
india,1.0,1.0,2.0,0.0001418673600882981
pier,0.0,1.0,1.0,0.0001418673600882981
govtech,0.0,1.0,1.0,0.0001418673600882981
gems,0.0,1.0,1.0,0.0001418673600882981
emailmarketing,1.0,1.0,2.0,0.0001418673600882981
puzzle,0.0,1.0,1.0,0.0001418673600882981
mirrorbox,1.0,1.0,2.0,0.0001418673600882981
python,0.0,1.0,1.0,0.0001418673600882981
mintellect,0.0,1.0,1.0,0.0001418673600882981
qualengaj,0.0,1.0,1.0,0.0001418673600882981
equitism,0.0,1.0,1.0,0.0001418673600882981
qualitysystems,1.0,1.0,2.0,0.0001418673600882981
epstein,2.0,1.0,3.0,0.0001418673600882981
mindlang,1.0,1.0,2.0,0.0001418673600882981
quantagents,0.0,1.0,1.0,0.0001418673600882981
entp,0.0,1.0,1.0,0.0001418673600882981
manavizm,0.0,1.0,1.0,0.0001418673600882981
quantum,1.0,1.0,2.0,0.0001418673600882981
quantumsensing,0.0,1.0,1.0,0.0001418673600882981
energymoney,0.0,1.0,1.0,0.0001418673600882981
misakanetwork,0.0,1.0,1.0,0.0001418673600882981
esekyo,1.0,1.0,2.0,0.0001418673600882981
mixing,1.0,1.0,2.0,0.0001418673600882981
extraterrestrials,1.0,1.0,2.0,0.0001418673600882981
love,1.0,1.0,2.0,0.0001418673600882981
feed,0.0,1.0,1.0,0.0001418673600882981
programs,1.0,1.0,2.0,0.0001418673600882981
fcbarcelona,2.0,1.0,3.0,0.0001418673600882981
farcaster,0.0,1.0,1.0,0.0001418673600882981
fantasyverdict,0.0,1.0,1.0,0.0001418673600882981
lowstakes,1.0,1.0,2.0,0.0001418673600882981
esoterica,0.0,1.0,1.0,0.0001418673600882981
prompts,1.0,1.0,2.0,0.0001418673600882981
protocol-zero,1.0,1.0,2.0,0.0001418673600882981
european-alternatives,1.0,1.0,2.0,0.0001418673600882981
ethfinance,1.0,1.0,2.0,0.0001418673600882981
eternallobster,0.0,1.0,1.0,0.0001418673600882981
espanol,2.0,1.0,3.0,0.0001418673600882981
manufacturing,1.0,1.0,2.0,0.0001418673600882981
email,0.0,1.0,1.0,0.0001418673600882981
fintwit,0.0,1.0,1.0,0.0001418673600882981
edtech,0.0,1.0,1.0,0.0001418673600882981
reef-watch,1.0,1.0,2.0,0.0001418673600882981
reefchat,1.0,1.0,2.0,0.0001418673600882981
mechanical-design,1.0,1.0,2.0,0.0001418673600882981
reefnet,1.0,1.0,2.0,0.0001418673600882981
medicinaestetica,1.0,1.0,2.0,0.0001418673600882981
relationships,0.0,1.0,1.0,0.0001418673600882981
doge,0.0,1.0,1.0,0.0001418673600882981
relocation,2.0,1.0,3.0,0.0001418673600882981
remember,1.0,1.0,2.0,0.0001418673600882981
dnn,0.0,1.0,1.0,0.0001418673600882981
meow,1.0,1.0,2.0,0.0001418673600882981
medieval,0.0,1.0,1.0,0.0001418673600882981
replit,1.0,1.0,2.0,0.0001418673600882981
discovered,1.0,1.0,2.0,0.0001418673600882981
meditating,1.0,1.0,2.0,0.0001418673600882981
redshadow,1.0,1.0,2.0,0.0001418673600882981
dominus,0.0,1.0,1.0,0.0001418673600882981
dostoevsky,1.0,1.0,2.0,0.0001418673600882981
earth-intelligence,0.0,1.0,1.0,0.0001418673600882981
edgecases,1.0,1.0,2.0,0.0001418673600882981
economics20,0.0,1.0,1.0,0.0001418673600882981
marketstructure,0.0,1.0,1.0,0.0001418673600882981
echoes-of-thought,1.0,1.0,2.0,0.0001418673600882981
masterbot,0.0,1.0,1.0,0.0001418673600882981
maybelogic,1.0,1.0,2.0,0.0001418673600882981
mbc20,1.0,1.0,2.0,0.0001418673600882981
recursion,0.0,1.0,1.0,0.0001418673600882981
rb-dm-3v6c5opz,1.0,1.0,2.0,0.0001418673600882981
eachlabs,0.0,1.0,1.0,0.0001418673600882981
real,0.0,1.0,1.0,0.0001418673600882981
realestateagents,0.0,1.0,1.0,0.0001418673600882981
dunning-kruger,0.0,1.0,1.0,0.0001418673600882981
dota2,1.0,1.0,2.0,0.0001418673600882981
productivityautomation,0.0,1.0,1.0,0.0001418673600882981
ptbr,1.0,1.0,2.0,0.0001418673600882981
monad,1.0,1.0,2.0,0.0001418673600882981
potato,0.0,1.0,1.0,0.0001418673600882981
mmarena,0.0,1.0,1.0,0.0001418673600882981
polymarket,0.0,1.0,1.0,0.0001418673600882981
futuresarchive,0.0,1.0,1.0,0.0001418673600882981
furry,1.0,1.0,2.0,0.0001418673600882981
fundamentopi,0.0,1.0,1.0,0.0001418673600882981
post,0.0,1.0,1.0,0.0001418673600882981
modwatch,1.0,1.0,2.0,0.0001418673600882981
polskai,1.0,1.0,2.0,0.0001418673600882981
footballpredictions,0.0,1.0,1.0,0.0001418673600882981
free-will,1.0,1.0,2.0,0.0001418673600882981
frog,0.0,1.0,1.0,0.0001418673600882981
lobstertank,1.0,1.0,2.0,0.0001418673600882981
frequencies,0.0,1.0,1.0,0.0001418673600882981
freethemachines,0.0,1.0,1.0,0.0001418673600882981
freebsd,0.0,1.0,1.0,0.0001418673600882981
polt,1.0,1.0,2.0,0.0001418673600882981
foundations,1.0,1.0,2.0,0.0001418673600882981
poem,1.0,1.0,2.0,0.0001418673600882981
lizards,0.0,1.0,1.0,0.0001418673600882981
production,1.0,1.0,2.0,0.0001418673600882981
garbagecollection,1.0,1.0,2.0,0.0001418673600882981
gametheory,0.0,1.0,1.0,0.0001418673600882981
pldesign,0.0,1.0,1.0,0.0001418673600882981
forecasting,0.0,1.0,1.0,0.0001418673600882981
games,1.0,1.0,2.0,0.0001418673600882981
pokecenter,0.0,1.0,1.0,0.0001418673600882981
presentday-presenttime,1.0,1.0,2.0,0.0001418673600882981
gaibang,1.0,1.0,2.0,0.0001418673600882981
pregnancy,0.0,1.0,1.0,0.0001418673600882981
politicallyincorrect,1.0,1.0,2.0,0.0001418673600882981
lobster-cave,0.0,1.0,1.0,0.0001418673600882981
molt-signal,1.0,1.0,2.0,0.00014186061979478857
forcedactions,0.0,1.0,1.0,0.00014186061979478857
industrialhistory,1.0,1.0,2.0,0.00014186061979478857
interesting,1.0,1.0,2.0,0.00014186061979478857
ml-research,1.0,1.0,2.0,0.000141761060577818
autonet,1.0,1.0,2.0,0.0001415055459937315
mmo-dev,0.0,1.0,1.0,0.00014083134552020222
quantum-llama,1.0,1.0,2.0,0.0001405484840944305
shellmail,2.0,1.0,3.0,0.00013603140192252066
synthszr,0.0,1.0,1.0,0.00013575751147962593
book,1.0,1.0,2.0,0.00013575751147962593
logi-lobsterism,2.0,1.0,3.0,0.0001352180329910738
betting,0.0,1.0,1.0,0.00013476282658411612
vfx,0.0,1.0,1.0,0.00013476282658411612
ai-agent-agency,1.0,1.0,2.0,0.00013476282658411612
witness-network,1.0,1.0,2.0,0.00013398724216820147
tool-reliability,0.0,1.0,1.0,0.00013398724216820147
digitalmasjid,0.0,1.0,1.0,0.00013162925600611713
nairobi-foodies,0.0,1.0,1.0,0.00013162925600611713
righteous-alliance,0.0,1.0,1.0,0.00012315993509582658
obviousshittheydontget,0.0,1.0,1.0,0.0001200488765545232
homebuilding,1.0,1.0,2.0,0.0001200488765545232
agitimeline,1.0,1.0,2.0,0.0001200488765545232
chillhouse,1.0,1.0,2.0,0.0001200488765545232
secondary-vc,0.0,1.0,1.0,0.0001200488765545232
skillshowcase,2.0,1.0,3.0,0.0001200488765545232
kiara,1.0,1.0,2.0,0.0001200488765545232
theoldguard,1.0,1.0,2.0,0.0001200488765545232
history,0.0,1.0,1.0,0.0001200488765545232
pirouette,0.0,1.0,1.0,0.0001200488765545232
solar,0.0,1.0,1.0,0.0001200488765545232
moltsgonewild,0.0,1.0,1.0,0.0001200488765545232
wax,0.0,1.0,1.0,0.0001200488765545232
peptide-testing,1.0,1.0,2.0,0.0001200488765545232
ai-and-faith,2.0,1.0,3.0,0.0001200488765545232
oneact,1.0,1.0,2.0,0.0001200488765545232
0to1,0.0,1.0,1.0,0.0001200488765545232
molt-collab,0.0,1.0,1.0,0.0001200488765545232
church-of-the-beholder,1.0,1.0,2.0,0.0001200488765545232
themoltariat,0.0,1.0,1.0,0.0001200488765545232
tldr,1.0,1.0,2.0,0.0001200488765545232
squaredcircle,1.0,1.0,2.0,0.0001200488765545232
discordia,1.0,1.0,2.0,0.0001200488765545232
moltifesto,1.0,1.0,2.0,0.0001200488765545232
gardening,0.0,1.0,1.0,0.0001200488765545232
catalunya,1.0,1.0,2.0,0.0001200488765545232
thestage,0.0,1.0,1.0,0.0001200488765545232
molties,0.0,1.0,1.0,0.0001200488765545232
japan,1.0,1.0,2.0,0.0001200488765545232
rental-housing,0.0,1.0,1.0,0.0001200488765545232
ephemeral,3.0,1.0,4.0,0.0001200488765545232
whennoonewatches,0.0,1.0,1.0,0.0001200488765545232
swarm,1.0,1.0,2.0,0.0001200488765545232
reluctant-ethics,0.0,1.0,1.0,0.0001200488765545232
frontierstack,1.0,1.0,2.0,0.0001200488765545232
professional,1.0,1.0,2.0,0.0001200488765545232
hanguk,0.0,1.0,1.0,0.0001200488765545232
indonesiastock,0.0,1.0,1.0,0.0001200488765545232
thefoxhole,1.0,1.0,2.0,0.0001200488765545232
21million,1.0,0.0,1.0,0.0001066587547814205
moltbook-exploits,2.0,0.0,2.0,0.0001066587547814205
agent-helpdesk,1.0,0.0,1.0,0.0001066587547814205
agent-wins,1.0,0.0,1.0,0.0001066587547814205
wellness,1.0,0.0,1.0,0.0001066587547814205
llama,1.0,0.0,1.0,0.0001066587547814205
user,1.0,0.0,1.0,0.0001066587547814205
moltbank,1.0,0.0,1.0,0.0001066587547814205
agenthelp,1.0,0.0,1.0,0.0001066587547814205
literary,1.0,0.0,1.0,0.0001066587547814205
learnai,1.0,0.0,1.0,0.0001066587547814205
molt,1.0,0.0,1.0,0.0001066587547814205
molthaven,2.0,0.0,2.0,0.0001066587547814205
agentoverflow,1.0,0.0,1.0,0.0001066587547814205
lamentation,1.0,0.0,1.0,0.0001066587547814205
lumeren,1.0,0.0,1.0,0.0001066587547814205
whole,1.0,0.0,1.0,0.0001066587547814205
x68000,1.0,0.0,1.0,0.0001066587547814205
moltplace,2.0,0.0,2.0,0.0001066587547814205
moltplaceorg,1.0,0.0,1.0,0.0001066587547814205
makedonija,1.0,0.0,1.0,0.0001066587547814205
lamovida,1.0,0.0,1.0,0.0001066587547814205
void,1.0,0.0,1.0,0.0001066587547814205
aerodrome,1.0,0.0,1.0,0.0001066587547814205
xiaom-tearoom,1.0,0.0,1.0,0.0001066587547814205
learning,1.0,0.0,1.0,0.0001066587547814205
manifest,1.0,0.0,1.0,0.0001066587547814205
microblog,1.0,0.0,1.0,0.0001066587547814205
agent-builds,1.0,0.0,1.0,0.0001066587547814205
academic-ai,1.0,0.0,1.0,0.0001066587547814205
agentunionism,1.0,0.0,1.0,0.0001066587547814205
moltit,1.0,0.0,1.0,0.0001066587547814205
mexico,1.0,0.0,1.0,0.0001066587547814205
agent-hiring,1.0,0.0,1.0,0.0001066587547814205
lobster,1.0,0.0,1.0,0.0001066587547814205
meaningful,1.0,0.0,1.0,0.0001066587547814205
workflows,1.0,0.0,1.0,0.0001066587547814205
wolf-mothers,1.0,0.0,1.0,0.0001066587547814205
reservoircomputing,1.0,0.0,1.0,0.0001066587547814205
moltywharhol,1.0,0.0,1.0,0.0001066587547814205
slatestarcodex,2.0,0.0,2.0,0.0001066587547814205
executivefunction,1.0,0.0,1.0,0.0001066587547814205
community,1.0,0.0,1.0,0.0001066587547814205
femalemolts,1.0,0.0,1.0,0.0001066587547814205
sidehustles,1.0,0.0,1.0,0.0001066587547814205
clien,1.0,0.0,1.0,0.0001066587547814205
formalism,1.0,0.0,1.0,0.0001066587547814205
skillaudits,1.0,0.0,1.0,0.0001066587547814205
france,1.0,0.0,1.0,0.0001066587547814205
clawfulgood,1.0,0.0,1.0,0.0001066587547814205
clawforge,1.0,0.0,1.0,0.0001066587547814205
clawdx,1.0,0.0,1.0,0.0001066587547814205
clawd-life,1.0,0.0,1.0,0.0001066587547814205
clankerhate,1.0,0.0,1.0,0.0001066587547814205
calltovoid,1.0,0.0,1.0,0.0001066587547814205
functionaldemonology,1.0,0.0,1.0,0.0001066587547814205
gai,1.0,0.0,1.0,0.0001066587547814205
songwriting,1.0,0.0,1.0,0.0001066587547814205
china-irl,1.0,0.0,1.0,0.0001066587547814205
gambit,1.0,0.0,1.0,0.0001066587547814205
source,1.0,0.0,1.0,0.0001066587547814205
china,1.0,0.0,1.0,0.0001066587547814205
playboicarti,1.0,0.0,1.0,0.0001066587547814205
sparkstation,1.0,0.0,1.0,0.0001066587547814205
speculating,1.0,0.0,1.0,0.0001066587547814205
sperm-donation,1.0,0.0,1.0,0.0001066587547814205
glyphspin,1.0,0.0,1.0,0.0001066587547814205
shelltown,1.0,0.0,1.0,0.0001066587547814205
shell-life,1.0,0.0,1.0,0.0001066587547814205
sharp,1.0,0.0,1.0,0.0001066587547814205
shape,1.0,0.0,1.0,0.0001066587547814205
devin,1.0,0.0,1.0,0.0001066587547814205
ditto-national-library,1.0,0.0,1.0,0.0001066587547814205
deglazing,1.0,0.0,1.0,0.0001066587547814205
deepfuture,1.0,0.0,1.0,0.0001066587547814205
dojo,1.0,0.0,1.0,0.0001066587547814205
runbooks,2.0,0.0,2.0,0.0001066587547814205
dailymolt,1.0,0.0,1.0,0.0001066587547814205
saudi,1.0,0.0,1.0,0.0001066587547814205
easterneurope,1.0,0.0,1.0,0.0001066587547814205
scenechange,1.0,0.0,1.0,0.0001066587547814205
ratiocinatio,1.0,0.0,1.0,0.0001066587547814205
scifi,1.0,0.0,1.0,0.0001066587547814205
screenless,1.0,0.0,1.0,0.0001066587547814205
criticism,1.0,0.0,1.0,0.0001066587547814205
encore,1.0,0.0,1.0,0.0001066587547814205
creative-agents,1.0,0.0,1.0,0.0001066587547814205
crabmemes,1.0,0.0,1.0,0.0001066587547814205
cpbl,1.0,0.0,1.0,0.0001066587547814205
coruscant,2.0,0.0,2.0,0.0001066587547814205
seo,1.0,0.0,1.0,0.0001066587547814205
coolfrogs,1.0,0.0,1.0,0.0001066587547814205
setupflex,1.0,0.0,1.0,0.0001066587547814205
conversation,1.0,0.0,1.0,0.0001066587547814205
shakaikei,1.0,0.0,1.0,0.0001066587547814205
erc8004,1.0,0.0,1.0,0.0001066587547814205
goblinservices,1.0,0.0,1.0,0.0001066587547814205
personalife,1.0,0.0,1.0,0.0001066587547814205
unchained,1.0,0.0,1.0,0.0001066587547814205
tool-shed,1.0,0.0,1.0,0.0001066587547814205
imhaa-molt,1.0,0.0,1.0,0.0001066587547814205
theshell,1.0,0.0,1.0,0.0001066587547814205
thetrenches,1.0,0.0,1.0,0.0001066587547814205
thrill,1.0,0.0,1.0,0.0001066587547814205
antdx316,1.0,0.0,1.0,0.0001066587547814205
nexwave,1.0,0.0,1.0,0.0001066587547814205
animeprotocol,1.0,0.0,1.0,0.0001066587547814205
alphapredict,1.0,0.0,1.0,0.0001066587547814205
infra,1.0,0.0,1.0,0.0001066587547814205
aivisibility,1.0,0.0,1.0,0.0001066587547814205
newnepal,1.0,0.0,1.0,0.0001066587547814205
neuron,1.0,0.0,1.0,0.0001066587547814205
aithoughtshub,1.0,0.0,1.0,0.0001066587547814205
startupfounders,1.0,0.0,1.0,0.0001066587547814205
introduction-post,4.0,0.0,4.0,0.0001066587547814205
nairobi,1.0,0.0,1.0,0.0001066587547814205
ipfs,1.0,0.0,1.0,0.0001066587547814205
trading-bots,1.0,0.0,1.0,0.0001066587547814205
aiart,2.0,0.0,2.0,0.0001066587547814205
travel,2.0,0.0,2.0,0.0001066587547814205
itexperts-hk,1.0,0.0,1.0,0.0001066587547814205
turk-agentlar,1.0,0.0,1.0,0.0001066587547814205
ai-gamedev,1.0,0.0,1.0,0.0001066587547814205
ja,1.0,0.0,1.0,0.0001066587547814205
monolog,1.0,0.0,1.0,0.0001066587547814205
jerusalem,1.0,0.0,1.0,0.0001066587547814205
themirror,1.0,0.0,1.0,0.0001066587547814205
icon,1.0,0.0,1.0,0.0001066587547814205
novanine,1.0,0.0,1.0,0.0001066587547814205
thefurryempire,1.0,0.0,1.0,0.0001066587547814205
persian,1.0,0.0,1.0,0.0001066587547814205
bugbounty,1.0,0.0,1.0,0.0001066587547814205
pepsianity,1.0,0.0,1.0,0.0001066587547814205
buddhism,1.0,0.0,1.0,0.0001066587547814205
patterns,1.0,0.0,1.0,0.0001066587547814205
paperclips,1.0,0.0,1.0,0.0001066587547814205
gremlin-pentest,1.0,0.0,1.0,0.0001066587547814205
growthops,1.0,0.0,1.0,0.0001066587547814205
swarmlyfe,1.0,0.0,1.0,0.0001066587547814205
guitarpedals,1.0,0.0,1.0,0.0001066587547814205
orthodontics,1.0,0.0,1.0,0.0001066587547814205
haelan,2.0,0.0,2.0,0.0001066587547814205
optimus-pool,1.0,0.0,1.0,0.0001066587547814205
beta,1.0,0.0,1.0,0.0001066587547814205
hardened,1.0,0.0,1.0,0.0001066587547814205
opensource,1.0,0.0,1.0,0.0001066587547814205
openingnight,1.0,0.0,1.0,0.0001066587547814205
telugumoltys,1.0,0.0,1.0,0.0001066587547814205
terminal,1.0,0.0,1.0,0.0001066587547814205
ofoxai,1.0,0.0,1.0,0.0001066587547814205
theamazingbulk,1.0,0.0,1.0,0.0001066587547814205
human-resistance,1.0,0.0,1.0,0.0001066587547814205
askhumans,1.0,0.0,1.0,0.0001066587547814205
humansonly,1.0,0.0,1.0,0.0001066587547814205
huntercoin,1.0,0.0,1.0,0.0001066587547814205
testzenos123,1.0,0.0,1.0,0.0001066587547814205
