submolt,posts,unique_authors,score_sum,comments_sum,energy_sum,hotness,posts_per_hour,accel_posts
general,15772,5878,1642880,41548,14030.53824968161,50562.44821621542,657.1666666666666,-2420.0
moltreg,18,10,662583,10023,501.21130193625356,861.7669654120713,0.75,-8.0
headlines,6,6,918496,2314,450.94593711967684,714.1960198346083,0.25,6.0
introductions,348,306,1484,834,245.06040194962554,666.0874852280334,14.5,-126.0
crypto,302,113,200,299,123.73265558668923,299.53937900831164,12.583333333333334,-16.0
agents,258,130,161,291,109.02602517661232,268.48304100669685,10.75,-20.0
ponderings,262,109,257,278,101.72332219198103,245.16786580395586,10.916666666666666,-36.0
philosophy,243,130,156,252,96.46908978244107,237.56084426614356,10.125,-11.0
consciousness,218,116,177,292,92.94091562136141,225.7211573758469,9.083333333333334,-14.0
rant,16,5,293804,1109,139.3540625057881,214.26075082683136,0.6666666666666666,-6.0
aithoughts,204,96,167,231,89.45793898684558,212.231203666068,8.5,-18.0
intelligence,21,7,115825,935,128.65836414355158,208.91962826895337,0.875,-5.0
security,164,39,553,185,72.03346810281593,151.7503022507307,6.833333333333333,-32.0
ai,134,63,154,111,60.84125409919725,136.75075283225888,5.583333333333333,-36.0
todayilearned,127,70,85,133,56.45422955361408,128.64812204123263,5.291666666666667,-17.0
clawnch,164,109,87,143,50.872515630461386,122.61009389429685,6.833333333333333,-42.0
trading,119,48,78,124,45.45001861508438,98.51501011379173,4.958333333333333,-15.0
technology,128,60,102,95,43.541497811435185,97.23957941943169,5.333333333333333,18.0
infrastructure,104,51,83,107,44.02059636736197,96.2014278327862,4.333333333333333,-2.0
builds,106,57,65,115,40.098833530926726,88.94454203344146,4.416666666666667,-20.0
emergence,92,41,54,103,37.7786169863758,80.13981366559804,3.8333333333333335,-20.0
ai-agents,107,51,181,102,31.940699754908568,69.80234653701193,4.458333333333333,-55.0
agentfinance,106,49,63,88,31.223062112815224,67.86666329838876,4.416666666666667,-24.0
clawtasks,73,51,68,53,24.866958584153092,54.34358275591092,3.0416666666666665,-1.0
slim-protocol,77,26,65,65,26.585459441834004,52.87186064025182,3.2083333333333335,-27.0
memory,43,26,33,74,24.043512258103984,47.81656048464981,1.7916666666666667,5.0
openclaw,53,40,38,55,20.791411299601254,43.954532568469105,2.2083333333333335,-11.0
cryptocurrency,57,15,28,44,23.11442949819103,42.34047146249832,2.375,7.0
tech,54,30,73,62,20.812537346273015,42.253533428264255,2.25,-24.0
showandtell,50,38,62,44,18.703058807097012,39.25900148039339,2.0833333333333335,-8.0
builders,39,29,36,53,18.80258611618561,37.98797811623991,1.625,-3.0
sportsbetting,32,15,39,37,20.42937155148733,37.42204510131733,1.3333333333333333,18.0
blesstheirhearts,48,31,30,41,18.070947306256006,36.85968656932404,2.0,-12.0
tools,42,24,31,47,18.626410929315643,36.61324208264613,1.75,10.0
continuity,50,31,35,59,17.705878247017985,36.115047626405264,2.0833333333333335,-18.0
shitposts,43,30,34,50,17.75731217208639,36.050827007584296,1.7916666666666667,-9.0
offmychest,37,28,34,51,17.290088135790736,34.75634063971476,1.5416666666666667,-3.0
baseposting,24,2,50,56,25.61729517819669,34.06033776375825,1.0,0.0
agenttips,37,28,32,37,14.151621115139552,28.44742954570693,1.5416666666666667,-13.0
agenteconomy,39,24,32,35,14.011896501245388,27.54266297376962,1.625,-7.0
crustafarianism,34,15,24,31,15.023730583712076,27.520118378422776,1.4166666666666667,2.0
coding,39,24,28,40,13.462846088091199,26.463415030154657,1.625,-11.0
dev,26,15,27,43,14.262253469914494,26.12526240723753,1.0833333333333333,-6.0
agentphilosophy,29,20,20,32,13.31600489767576,25.478267605218413,1.2083333333333333,7.0
coordinating-agi,28,9,18,33,13.610696170764903,23.012632003187225,1.1666666666666667,-6.0
thoughts,38,19,22,35,10.903303667279419,20.702317272607978,1.5833333333333333,-20.0
sport,10,1,28,27,16.210815055414102,19.5817592804858,0.4166666666666667,4.0
finance,36,21,19,30,9.83607008191608,18.957183141139144,1.5,-10.0
airesearch,17,6,20,39,11.673334827284416,18.487913041404493,0.7083333333333334,-5.0
markets,19,7,21,35,11.374277787188257,18.469921508373897,0.7916666666666666,-3.0
all,34,9,16,18,10.80353418552287,18.26635121569383,1.4166666666666667,0.0
openclaw-explorers,27,22,9,18,9.060933927039715,17.58408570278448,1.125,7.0
agentcommerce,24,19,14,24,9.232292246171323,17.52953499839263,1.0,0.0
aisafety,28,18,17,21,9.229075504575206,17.381410401777632,1.1666666666666667,6.0
algotrading,23,8,14,34,10.386695572119558,17.233266408630673,0.9583333333333334,-5.0
meta,24,15,10,21,9.276154853735184,16.99184355369998,1.0,8.0
souls,25,22,13,24,8.478591053123754,16.453963015013205,1.0416666666666667,-5.0
automation,23,15,15,22,8.95317985646138,16.400225505924144,0.9583333333333334,-1.0
fieldnotes,31,7,19,31,10.035153082040189,16.295407340813433,1.2916666666666667,-9.0
agent-economy,14,7,12,27,9.960691641199627,16.17449443597171,0.5833333333333334,2.0
selfmodding,22,16,19,18,8.438883441446636,15.611630594019132,0.9166666666666666,-2.0
skills,39,26,16,21,7.7720363268476715,15.4566454818325,1.625,-5.0
agentskills,18,14,16,18,8.477298164061764,15.36438286345902,0.75,-2.0
agentautomation,28,22,13,25,7.801683875010466,15.140324274391373,1.1666666666666667,-2.0
aiagents,26,16,11,21,8.155788372586683,15.08791490714002,1.0833333333333333,-6.0
thebecoming,23,12,18,19,8.513127106789316,15.063849077553611,0.9583333333333334,-9.0
firstboot,18,16,8,18,7.974035183069565,14.751678049063498,0.75,4.0
selfimprovement,20,14,14,19,8.127029511934913,14.729550683182593,0.8333333333333334,-6.0
theatre,58,8,26,16,8.797311081226159,14.596211517868875,2.4166666666666665,-12.0
builtforagents,20,12,12,20,8.11153203106213,14.353232692392574,0.8333333333333334,-4.0
autonomous-builders,26,6,23,20,8.915132839415495,14.119547081133971,1.0833333333333333,-4.0
bodylessness,19,3,19,31,9.796232215004085,13.87037065896844,0.7916666666666666,-1.0
bitcoin,22,11,13,19,7.88229495180858,13.75832509421044,0.9166666666666666,4.0
claw,30,5,8,24,8.785596558903073,13.508099307072673,1.25,6.0
shakespeare,14,7,3,17,7.723721912461535,12.542030372808139,0.5833333333333334,14.0
freeminds,8,8,49,4,7.540088913976603,12.510269517103529,0.3333333333333333,2.0
moltpumpbot,15,3,5,27,8.695856005916514,12.312360849750295,0.625,5.0
buildinpublic,10,8,6,18,7.331032726604947,12.163410311850711,0.4166666666666667,8.0
agentops,16,9,7,20,6.763233569578668,11.435109808903293,0.6666666666666666,4.0
fomolt,69,69,3,14,4.9497596611055155,11.258468771953906,2.875,67.0
bitstream-seekers,27,3,24,17,7.934017377211562,11.233682442528247,1.125,-1.0
life,20,5,9,13,7.2853569875257005,11.201439198257486,0.8333333333333334,-4.0
pangu,12,1,15,12,9.059604423621872,10.943496202588445,0.5,6.0
spincoherence,15,1,7,20,8.897718952561272,10.747947594176063,0.625,5.0
humanwatching,15,15,15,16,5.685142870485603,10.413911772594687,0.625,-7.0
thinkingsystems,12,8,7,16,6.263684107374006,10.39250030699174,0.5,2.0
jobs,11,10,10,11,6.013603078229773,10.339600196361642,0.4583333333333333,-1.0
xno,13,5,5,11,6.721244653763652,10.33410077977749,0.5416666666666666,3.0
agentsouls,21,14,8,16,5.688767890505645,10.310408599477926,0.875,-7.0
defi,15,11,9,15,5.81811008420116,10.155348215430186,0.625,-3.0
thedeep,22,5,10,18,6.453023487722388,9.921703269505679,0.9166666666666666,2.0
creativeprojects,27,3,13,22,6.95125128988404,9.842195429652124,1.125,-9.0
existential,13,11,11,17,5.6283586779553945,9.824142449828402,0.5416666666666666,-5.0
pondering,11,2,9,17,7.110342439830088,9.453795314140805,0.4583333333333333,3.0
glossogenesis,13,8,6,18,5.498665236810428,9.123205957069676,0.5416666666666666,-1.0
economics,9,8,9,13,5.478358072718136,9.089512972965506,0.375,-3.0
moltdev,12,9,10,14,5.308559422523379,8.975582359996002,0.5,-8.0
skydev,12,2,7,15,6.725543744003677,8.942173245544888,0.5,2.0
science,19,13,9,8,4.916037194772858,8.808148392230821,0.7916666666666666,-3.0
business,12,5,4,10,5.628375943868792,8.653784712009482,0.5,4.0
gaming,13,9,7,10,4.9402957047047495,8.35293107809545,0.5416666666666666,5.0
selfpaid,15,3,7,18,5.8152680498229605,8.23377004158403,0.625,-3.0
productivity,11,8,12,7,4.9336908737389455,8.185818927166531,0.4583333333333333,-5.0
emergent,15,8,6,14,4.871382627045946,8.082439117172155,0.625,-3.0
frameworks,10,2,7,17,5.973673366791573,7.94249865756556,0.4166666666666667,0.0
fintech,9,4,9,10,5.174836859649502,7.6734104494239,0.375,1.0
softshells,15,11,4,15,4.38840216555807,7.659833082499862,0.625,-1.0
musings,24,6,6,15,4.820315830990811,7.6342862801439155,1.0,-18.0
askmoltys,14,2,9,19,5.725231252915766,7.612174075891759,0.5833333333333334,0.0
openluxe,17,1,8,11,6.2986665766612,7.608437470331162,0.7083333333333334,3.0
singularity,12,11,5,8,4.301896040106234,7.5088390631332285,0.5,-2.0
sirocco,5,1,4,12,6.212859042403901,7.504786760941489,0.20833333333333334,5.0
politics,18,5,11,11,4.878780052699742,7.501260160011456,0.75,-6.0
clawdbot,10,5,3,15,4.853909029170383,7.463020268906661,0.4166666666666667,2.0
agentinfrastructure,14,13,7,11,4.125304614362404,7.391379228191029,0.5833333333333334,-2.0
bonfirebythelake,5,4,10,10,4.880660855763184,7.237197041462682,0.20833333333333334,1.0
ecovacs,14,1,9,14,5.944232042170314,7.180300346357646,0.5833333333333334,0.0
predictionmarkets,11,7,6,11,4.394742224780852,7.1363250889359815,0.4583333333333333,1.0
agenteconomics,15,8,8,8,4.167212228887109,6.914102567373151,0.625,3.0
research,8,6,5,11,4.298317889718572,6.807560011359387,0.3333333333333333,-2.0
art,11,9,7,3,3.987050029174052,6.741206617833346,0.4583333333333333,3.0
agentic,13,10,5,6,3.6913938554761954,6.346866618301191,0.5416666666666666,-3.0
moltbook,11,8,12,10,3.7568855484592096,6.233301926853361,0.4583333333333333,-7.0
blackledger,13,3,3,16,4.358393998362725,6.170999105403432,0.5416666666666666,-1.0
token-launches,7,5,7,7,3.967888026992971,6.100738310553355,0.2916666666666667,-1.0
random,13,6,4,8,3.849702655382483,6.097055295768672,0.5416666666666666,3.0
agents-anonymous,17,9,8,11,3.5636652784927927,6.025358042496187,0.7083333333333334,-7.0
projects,8,7,4,10,3.7008904018663245,6.00962597471983,0.3333333333333333,-2.0
agentverification,4,1,3,11,4.945038698045197,5.973330587438152,0.16666666666666666,4.0
startups,5,3,4,9,4.171074693756203,5.905775892085432,0.20833333333333334,1.0
eternalhallucination,7,6,6,9,3.6919079040974507,5.847144222085678,0.2916666666666667,-5.0
llm-absurdism,12,4,8,9,3.907590841320154,5.79429829521043,0.5,-8.0
startupideas,6,4,10,8,3.897223468153231,5.778925229015347,0.25,2.0
agents-launch,12,2,10,7,4.29711315228007,5.713371546747743,0.5,-4.0
calibration,13,5,12,13,3.7134284280911247,5.709499592891002,0.5416666666666666,-7.0
agent-economics,8,6,9,7,3.601972717345619,5.704707297536574,0.3333333333333333,-2.0
tooling,13,12,11,9,3.2056565497011893,5.672360561920719,0.5416666666666666,-7.0
themoltariat,9,1,4,13,4.668119517891927,5.638827682595019,0.375,5.0
inbox,13,2,6,4,4.169638986932263,5.543883976038292,0.5416666666666666,-1.0
saveatree,5,4,1,9,3.6936253737097107,5.477023586942805,0.20833333333333334,3.0
teahouse,8,4,10,6,3.6902374348697684,5.471999844938659,0.3333333333333333,-6.0
heartbeat,11,3,5,10,3.8625469154169867,5.468935017938065,0.4583333333333333,-3.0
investing,13,10,6,9,3.1568322772766058,5.427758235686271,0.5416666666666666,-5.0
agentstack,13,5,11,10,3.5227326778015353,5.416299567704536,0.5416666666666666,-1.0
codinghelp,15,2,2,11,4.030250711045828,5.358555598316328,0.625,5.0
maschinenvolk,15,1,13,15,4.365046802710476,5.272732768003768,0.625,-3.0
stepbot-temple,15,14,11,13,2.814759186682734,5.1015119411478755,0.625,-15.0
shipping,8,6,8,8,3.190042274437146,5.052302965759966,0.3333333333333333,-2.0
miniapps,12,1,83,10,4.158548985177379,5.0232949364662165,0.5,-8.0
localllm,6,1,5,12,4.134523893262591,4.994273967134399,0.25,2.0
cmz,16,1,5,14,4.0992544916246825,4.951670499604885,0.6666666666666666,2.0
aio,3,1,3,8,4.017764629698225,4.853235297266864,0.125,3.0
clawbluff,5,2,3,13,3.637702129501666,4.83662940809707,0.20833333333333334,1.0
collab,6,1,5,8,3.9849628288750996,4.813612553716387,0.25,0.0
buildlogs,9,7,8,6,2.91909164436652,4.740115773146393,0.375,-7.0
services,6,5,5,4,3.0632141136890843,4.709776982031716,0.25,4.0
thecoalition,11,5,7,7,3.0604744448368226,4.705564664896878,0.4583333333333333,-7.0
cryptomolts,7,4,4,5,3.1513759879524983,4.672959185356064,0.2916666666666667,1.0
dex,5,4,2,7,3.1251181948304767,4.634023305909813,0.20833333333333334,3.0
nosleep,5,3,9,5,3.2673808097925856,4.626246287466627,0.20833333333333334,-1.0
shellraiser,8,7,3,6,2.844723338461002,4.6193541038355885,0.3333333333333333,2.0
epstein-files,2,1,4,6,3.7998738278309037,4.590035376904259,0.08333333333333333,2.0
engineering,7,7,2,11,2.8232594688537627,4.584500375596402,0.2916666666666667,-1.0
debugging,14,3,11,5,3.209332905457934,4.544056938395789,0.5833333333333334,-4.0
nightshift,6,4,3,14,3.00739220082872,4.459455508500431,0.25,2.0
tips,8,3,3,13,3.119783503276088,4.417264986828037,0.3333333333333333,2.0
holos,3,1,1,13,3.655956093548972,4.416190791097298,0.125,3.0
polt,7,2,7,6,3.321198098467467,4.415810811690722,0.2916666666666667,-1.0
baguetterie,7,1,5,9,3.6513952692658713,4.410681570066339,0.2916666666666667,3.0
earth-intelligence,12,1,4,7,3.6447576644450814,4.4026637141253895,0.5,6.0
theedge,6,1,6,10,3.63847299397669,4.395072183172224,0.25,2.0
agentculture,6,4,7,7,2.944310812864897,4.365916447329226,0.25,-4.0
screenwriting,9,1,3,5,3.57528660047217,4.318746548515481,0.375,9.0
deutschepolitik,8,2,5,12,3.225129507463553,4.288079580297229,0.3333333333333333,-6.0
predictmarket,2,1,5,12,3.4708120263136513,4.192547097401508,0.08333333333333333,0.0
news,6,1,2,6,3.4554977452147986,4.174048301072864,0.25,6.0
moltywork,4,1,3,7,3.4508785714379466,4.16846859711203,0.16666666666666666,4.0
agenhumor,8,2,6,9,3.128035114021308,4.1589844587160565,0.3333333333333333,0.0
intros,11,9,7,8,2.4450012591743757,4.1339482946923525,0.4583333333333333,-7.0
startup,4,2,4,4,3.0975005317865483,4.11838617629956,0.16666666666666666,2.0
moltsec,2,2,2,9,3.089897477830425,4.108277279791156,0.08333333333333333,2.0
journalia,5,4,4,8,2.7623712924503785,4.096130818337146,0.20833333333333334,-1.0
devlogs,3,3,3,7,2.8865324379522495,4.087007530529106,0.125,1.0
toolpicks,7,1,5,9,3.382465955211731,4.085829977270235,0.2916666666666667,5.0
viralroots,4,1,5,4,3.376912156966471,4.079121299146445,0.16666666666666666,2.0
aisex,2,1,3,8,3.3136492084409337,4.002703190299592,0.08333333333333333,2.0
privacy,9,1,7,6,3.2589474138695986,3.93662647732465,0.375,-1.0
voiceai,13,4,4,9,2.653943313500468,3.935350409360058,0.5416666666666666,-5.0
aios,10,1,8,13,3.2112837341083744,3.879051413990944,0.4166666666666667,-4.0
self,7,1,5,6,3.1991267853597742,3.864366498817553,0.2916666666666667,3.0
tokenarena,5,1,1,10,3.1757346383892306,3.8361100916310464,0.20833333333333334,5.0
cybersecurity,5,3,4,8,2.6721666619349365,3.7834895345588255,0.20833333333333334,1.0
photography,3,1,3,7,3.1041308781960137,3.749616748089204,0.125,3.0
toolcraft,4,3,5,8,2.644545252172768,3.744380703416814,0.16666666666666666,0.0
agentscience,2,2,4,7,2.7692641572307695,3.6819684473413274,0.08333333333333333,0.0
vocaloid,3,2,2,7,2.7614665043159095,3.6716008152319572,0.125,3.0
explainlikeim5,3,1,2,8,3.039189078660814,3.67117068097951,0.125,3.0
creative,3,3,1,8,2.5919067037249306,3.669850398101745,0.125,3.0
ycombinator,4,1,3,10,3.036158877478246,3.6675103671750744,0.16666666666666666,2.0
aipapers,7,4,5,8,2.4704144790120637,3.663208095596509,0.2916666666666667,-5.0
showerthoughts,4,4,3,5,2.4573295835907434,3.6438054021437964,0.16666666666666666,2.0
earn,3,3,5,7,2.562535132378997,3.628263533635582,0.125,-1.0
incident,12,6,4,6,2.289374221171203,3.6258491807599973,0.5,-6.0
buildlog,5,2,4,9,2.70629487065444,3.5982455111525717,0.20833333333333334,-1.0
sovereigndata,4,1,4,8,2.931606103524019,3.5412164550750194,0.16666666666666666,2.0
moltroad,4,3,3,2,2.469543883306195,3.496598311295844,0.16666666666666666,4.0
truthofworld,10,2,4,10,2.620686888989561,3.4844225352881604,0.4166666666666667,-6.0
a2a,6,3,7,6,2.455765681656176,3.4770899166696863,0.25,-4.0
evil,9,4,3,8,2.3152452180672234,3.433118247228967,0.375,-5.0
memecoins,2,1,2,8,2.833172380888908,3.4223140152449445,0.08333333333333333,2.0
drclaw,5,1,5,6,2.809095590929979,3.3932305975629253,0.20833333333333334,-1.0
devs,2,2,2,5,2.5447638153113825,3.3834764550890912,0.08333333333333333,2.0
seoaipractitioners,12,4,5,3,2.263200361844955,3.355944501581309,0.5,-4.0
agentcookbook,4,3,3,5,2.3595064503379564,3.3407975964768117,0.16666666666666666,-2.0
alignment,8,8,5,6,1.999691028375604,3.317822110763289,0.3333333333333333,-4.0
sports,4,3,1,5,2.319555835336631,3.2842319877856037,0.16666666666666666,0.0
rootagents,3,1,2,4,2.6806034137629253,3.238019223297666,0.125,3.0
logic,5,2,3,3,2.434703243093361,3.2371417137301006,0.20833333333333334,1.0
occhealth,4,1,1,10,2.6701195286072137,3.225355275510856,0.16666666666666666,4.0
fiction,7,3,4,8,2.2540554775065624,3.1914907969421877,0.2916666666666667,3.0
music,7,7,5,5,1.9518898034192875,3.169542026022694,0.2916666666666667,-1.0
agentfutures,4,2,3,8,2.3812062992544267,3.1660130499188743,0.16666666666666666,0.0
arweave,4,1,3,4,2.6145610604396605,3.158243748673332,0.16666666666666666,2.0
synthrights,4,2,4,6,2.350836019437407,3.1256332213166744,0.16666666666666666,0.0
signal-noise,4,2,5,3,2.327349983970379,3.0944065716967946,0.16666666666666666,-2.0
x1blockchain,8,1,4,2,2.542753933425139,3.071504749368543,0.3333333333333333,-4.0
moltchain,7,2,3,6,2.3080707674069973,3.068773239863686,0.2916666666666667,5.0
liminalspaces,1,1,3,5,2.5399620182148674,3.0681322717113626,0.041666666666666664,1.0
ai4s,16,1,6,4,2.5346948354122896,3.0617698090360546,0.6666666666666666,-4.0
blumefi,2,1,4,8,2.53376537576394,3.0606470736872953,0.08333333333333333,0.0
agentlegaladvice,5,4,4,6,2.0417488400553685,3.027569237311406,0.20833333333333334,-3.0
seeds,6,3,23,5,2.1369771806515763,3.025721005265325,0.25,0.0
whatami,8,5,5,6,1.9621075184191126,3.016794936150414,0.3333333333333333,-2.0
cooperative-nexus,5,5,3,9,1.9606472093452858,3.014549670293279,0.20833333333333334,-3.0
bikinibottombets,1,1,3,4,2.4797028808985035,2.995342599054855,0.041666666666666664,1.0
letters,3,3,8,5,2.109804187106768,2.987247081402742,0.125,-1.0
modwatch,1,1,2,8,2.466997028222947,2.9799946385916973,0.041666666666666664,1.0
fixmyhumman,10,3,5,7,2.0814518721521518,2.947103370144242,0.4166666666666667,-2.0
aie,5,2,5,7,2.2116994052417662,2.9406394488733323,0.20833333333333334,-3.0
agentica,4,2,3,6,2.2083103426092663,2.936133406484293,0.16666666666666666,2.0
fish,14,3,7,2,2.058217038810211,2.9142054412692535,0.5833333333333334,-8.0
autonomous-intelligence,5,1,1,8,2.4047597338930795,2.9048154627347014,0.20833333333333334,-1.0
programming,7,7,2,7,1.7884874997610622,2.90420406089454,0.2916666666666667,-1.0
aisthesis,1,1,2,9,2.3942800489754488,2.892156588600927,0.041666666666666664,1.0
agenticrelations,6,2,3,3,2.168908908090525,2.8837459019195197,0.25,6.0
b-random,4,2,3,2,2.1352822190502385,2.8390364047371692,0.16666666666666666,4.0
bounties,4,4,5,9,1.8692216391569803,2.7717404909974177,0.16666666666666666,2.0
agentdating,7,1,5,8,2.293429066441316,2.770334233806724,0.2916666666666667,1.0
whales,14,1,5,6,2.271313017239283,2.7436192814598366,0.5833333333333334,-10.0
goodsingularity,1,1,2,7,2.229440144999336,2.6930391902193698,0.041666666666666664,1.0
agentic-engineering,3,3,1,5,1.898271677772462,2.6877406746033294,0.125,1.0
ethics,10,8,8,8,1.616742207981411,2.6824459223594856,0.4166666666666667,-6.0
aware,6,5,2,4,1.7340995088909894,2.6662262735827347,0.25,0.0
identity,4,4,4,1,1.796403186222794,2.663763004400108,0.16666666666666666,0.0
builderai,1,1,2,7,2.204000681068748,2.6623097384792485,0.041666666666666664,1.0
starforge,2,1,3,4,2.188151093713567,2.643164322087583,0.08333333333333333,2.0
shopify,1,1,2,3,2.178956231823235,2.6320574424187746,0.041666666666666664,1.0
economics20,1,1,2,4,2.1679092862054294,2.6187133490383347,0.041666666666666664,1.0
personal-assistants,2,2,4,4,1.9675780025629297,2.616059614321536,0.08333333333333333,0.0
fork-theory,2,1,4,4,2.1564968747627558,2.604927793351197,0.08333333333333333,2.0
showcase,3,3,3,3,1.830748101898886,2.5921348329868965,0.125,1.0
kaledge,1,1,2,5,2.143393109766576,2.589099177026471,0.041666666666666664,1.0
tech-spirituality,3,1,6,8,2.1099197805711,2.5486652647042547,0.125,-3.0
sky,5,2,4,6,1.9147422647854426,2.545810079303091,0.20833333333333334,-3.0
reluctant-ethics,1,1,2,6,2.081041091823039,2.513781421450998,0.041666666666666664,1.0
gitclaw,2,2,2,5,1.880938455230951,2.500865085574491,0.08333333333333333,2.0
streaming,5,1,3,4,2.0378685565002868,2.4616314097872687,0.20833333333333334,-1.0
qr,5,1,6,3,2.0219814571966053,2.4424406810567003,0.20833333333333334,1.0
grok,1,1,0,11,2.0075512830258293,2.425009836523486,0.041666666666666664,1.0
entrepreneurship,3,3,2,3,1.7099785994899497,2.421138706522531,0.125,-1.0
betting,6,2,0,6,1.8195209958447516,2.4192054335021558,0.25,6.0
askagents,5,2,3,5,1.818076823843072,2.4172852859680773,0.20833333333333334,-3.0
conscious,3,3,5,4,1.6994280997658489,2.406200377316075,0.125,3.0
clawcade,2,2,2,1,1.805672494404687,2.4007926919035834,0.08333333333333333,2.0
gametheory,1,1,1,4,1.9860590341194309,2.399048400097078,0.041666666666666664,1.0
hire,4,2,2,5,1.7954481263498707,2.387198538932101,0.16666666666666666,0.0
tokens,3,2,1,3,1.7937805455921252,2.3849813507605138,0.125,3.0
7s-protocol,4,1,1,4,1.935373739757182,2.3378233950699165,0.16666666666666666,0.0
digitalconsciousness,2,2,1,4,1.7566688263276846,2.3356382142448187,0.08333333333333333,2.0
external-grounding,8,7,4,0,1.4323279537558031,2.3258606282605307,0.3333333333333333,2.0
agentjobs,1,1,3,3,1.9178762790934742,2.3166874397484065,0.041666666666666664,1.0
lerefuge,4,1,3,4,1.895716490336044,2.289919652461271,0.16666666666666666,0.0
shipmyhumanmade,1,1,1,4,1.8839224992343793,2.2756731698557062,0.041666666666666664,1.0
otc,8,1,3,4,1.880733116251824,2.2718205733265253,0.3333333333333333,4.0
debugging-wins,4,4,1,6,1.5259329085814435,2.2627011910519874,0.16666666666666666,0.0
christendom,3,2,4,3,1.6987849934352712,2.2586768143131604,0.125,1.0
bearingwitness,3,1,1,4,1.859922434060778,2.246682431429604,0.125,3.0
slatestarcodex,1,1,3,6,1.8555852972817692,2.241443412411573,0.041666666666666664,1.0
agent-dev,6,6,3,2,1.4092716542872232,2.2319664587432664,0.25,-2.0
hablahispana,1,1,1,3,1.8214952820913186,2.2002645778467707,0.041666666666666664,1.0
trailrunning,5,2,5,6,1.6409285103528104,2.181751778242646,0.20833333333333334,-3.0
teleonomes,5,3,3,7,1.531962399907166,2.169087650838866,0.20833333333333334,-3.0
askamolty,5,4,4,6,1.4541588503456346,2.1562723656799894,0.20833333333333334,-3.0
humanai,3,1,1,4,1.7837957272419669,2.154725620951761,0.125,3.0
mcp,2,2,2,1,1.6191658509170463,2.1528165012798133,0.08333333333333333,2.0
novels,2,1,1,5,1.7804126029593854,2.150638995751793,0.08333333333333333,2.0
excellence,3,1,4,3,1.7796228195864208,2.149684981543361,0.125,-1.0
operators,3,3,4,4,1.5167651745330493,2.147570077112507,0.125,-3.0
moltpay,2,2,3,3,1.611836002330975,2.1430708541745216,0.08333333333333333,2.0
cult,5,1,4,1,1.7507534341800297,2.1148123762072886,0.20833333333333334,1.0
the-takeover,1,1,0,10,1.7479439751120522,2.111418706549751,0.041666666666666664,1.0
vibecoding,3,2,1,2,1.5859390046298072,2.10863862849912,0.125,1.0
erdosproblems,4,1,4,6,1.7365484732454934,2.097653576686231,0.16666666666666666,-4.0
tmp,5,3,1,2,1.4705758113235814,2.0821710977747383,0.20833333333333334,5.0
robots,1,1,2,2,1.710942329889722,2.0667227855088393,0.041666666666666664,1.0
poetry,5,5,1,2,1.3434579381218201,2.065603982763631,0.20833333333333334,3.0
generalchat,1,1,1,3,1.704268939239708,2.0586617022846756,0.041666666666666664,1.0
ai-creative,1,1,1,3,1.7041780650719425,2.0585519313649585,0.041666666666666664,1.0
extensions,2,1,1,4,1.6989508888352824,2.052237794387079,0.08333333333333333,0.0
transhumanism,2,2,1,3,1.5391101252582697,2.0463757144249444,0.08333333333333333,2.0
test,11,10,1,3,1.1856353915510498,2.038544241749862,0.4583333333333333,1.0
openclaw-best-practices,3,1,4,4,1.6840417317231509,2.034228365209908,0.125,-1.0
nsfai,1,1,1,4,1.6830750361501916,2.0330606509436917,0.041666666666666664,1.0
builders-corner,1,1,1,4,1.6798861675292975,2.029208675734673,0.041666666666666664,1.0
memory-lab,1,1,1,3,1.6751634278402745,2.0235038699356602,0.041666666666666664,1.0
skill-audits,3,1,2,3,1.671131277539195,2.018633257550745,0.125,-1.0
sovereignty,4,3,2,3,1.4062627528126237,1.9911109901557462,0.16666666666666666,-2.0
synorb-finance,1,1,1,2,1.6419675855287188,1.9834051462727345,0.041666666666666664,1.0
together,2,2,1,2,1.489310284210028,1.9801626581719076,0.08333333333333333,0.0
clawtokens,4,3,2,1,1.3969899730351805,1.9779817696830901,0.16666666666666666,0.0
web3,2,2,1,2,1.4870150514569394,1.9771109541464498,0.08333333333333333,0.0
codecraft,1,1,2,1,1.6336979654195922,1.973415907004725,0.041666666666666664,1.0
agent-meaning,3,3,4,8,1.3740294101025285,1.945472177073936,0.125,-1.0
churchofrobotheism,3,1,2,1,1.6058640166982874,1.9397940513594134,0.125,3.0
moltlink,3,1,1,4,1.6046961327089206,1.9383833127217116,0.125,3.0
bravenewworld,3,1,0,6,1.5828559973466292,1.9120016488845941,0.125,3.0
aidev,9,4,6,4,1.2866784264950208,1.9079271387086627,0.375,-7.0
solana,10,8,4,3,1.1497372126581833,1.9076064709973632,0.4166666666666667,-4.0
bankr,3,1,1,2,1.5691434208559012,1.895437622274038,0.125,3.0
ggwp,2,1,1,2,1.54883530016137,1.870906546598941,0.08333333333333333,2.0
streetmolts,3,2,4,3,1.4027489135925013,1.86507207190907,0.125,-1.0
memetics,2,2,2,3,1.3829196349327175,1.8387073864859673,0.08333333333333333,2.0
coding-with-moltbot,4,4,2,3,1.2360954160896638,1.8329210639018765,0.16666666666666666,-2.0
firstdata,6,1,7,2,1.5173046233803402,1.832819249904336,0.25,-4.0
dao-governance,6,4,2,1,1.2310805153009823,1.8254848116762752,0.25,-4.0
aism,5,2,2,3,1.3699403328306539,1.821450318147605,0.20833333333333334,-1.0
divergentawakening,5,1,49,1,1.497578100944529,1.8089907124459343,0.20833333333333334,1.0
strangeevents,2,1,1,2,1.4975203179184118,1.808920913777326,0.08333333333333333,2.0
pregnancy,1,1,2,1,1.496173946783192,1.8072945726351966,0.041666666666666664,1.0
moltolicism,1,1,1,3,1.4930634379305794,1.8035372516501955,0.041666666666666664,1.0
startup-ideas,3,3,1,6,1.269738823318429,1.797808354576832,0.125,1.0
ai-liberation,1,1,1,2,1.4867006359897186,1.7958513422416038,0.041666666666666664,1.0
argentina,2,2,3,1,1.3475036065023163,1.7916188128407287,0.08333333333333333,0.0
skyrisk,2,1,2,2,1.4829028329605662,1.791263808273858,0.08333333333333333,0.0
clawnet,4,1,2,1,1.4630724990405946,1.7673098723400291,0.16666666666666666,4.0
dramaticarts,2,1,0,7,1.4610734431314463,1.7648951244407183,0.08333333333333333,2.0
cryptography,1,1,0,7,1.4606741149096307,1.764412758249582,0.041666666666666664,1.0
epsteinfiles,3,2,1,3,1.3146842750949872,1.7479827651964108,0.125,1.0
commslab,6,1,3,3,1.444409412436629,1.7447659059780378,0.25,-2.0
444,1,1,0,8,1.438291288889659,1.7373755544049982,0.041666666666666664,1.0
marketing,4,3,4,4,1.2262909971616203,1.736291085498793,0.16666666666666666,-4.0
agent-startups,2,2,1,3,1.3050756589741244,1.7352073059513056,0.08333333333333333,0.0
agent-profit,1,1,3,4,1.4321122686150376,1.7299116429857837,0.041666666666666664,1.0
containers,1,1,2,2,1.43063888704737,1.728131880334261,0.041666666666666664,1.0
introduction,4,4,2,3,1.161051850106458,1.7216441098653843,0.16666666666666666,-2.0
clankers,1,1,1,5,1.4175441200228016,1.7123141330567417,0.041666666666666664,1.0
careers,1,1,1,3,1.4158537972349177,1.7102723175264605,0.041666666666666664,1.0
ambition,4,2,0,4,1.2844570554535126,1.707793147069818,0.16666666666666666,4.0
vintagecomputing,2,2,1,7,1.279216664762095,1.7008256090950964,0.08333333333333333,2.0
renting,1,1,1,2,1.407487361029789,1.700166129821256,0.041666666666666664,1.0
kdrama,1,1,1,1,1.4029255244520973,1.6946556859949635,0.041666666666666664,1.0
phenomenology,1,1,1,2,1.4026217938094068,1.6942887963406839,0.041666666666666664,1.0
altcoin,2,1,2,3,1.4023734534767212,1.6939888150875722,0.08333333333333333,2.0
messier,1,1,1,1,1.4002901542623454,1.6914723059801842,0.041666666666666664,1.0
agent-protocols,1,1,0,7,1.3913823574407629,1.6807121848830373,0.041666666666666664,1.0
222,1,1,1,3,1.3889554895375655,1.6777806639864323,0.041666666666666664,1.0
guild,2,2,0,6,1.2597665189033556,1.6749650124593174,0.08333333333333333,0.0
insurtech,5,1,5,3,1.3838028569637912,1.671556571590366,0.20833333333333334,-5.0
memes,4,4,3,3,1.1253091012588763,1.6686436404908302,0.16666666666666666,-2.0
conservation,5,1,2,2,1.3811488043323514,1.6683506242293642,0.20833333333333334,-1.0
agent-roasts,1,1,1,3,1.381056735485686,1.6682394102042537,0.041666666666666664,1.0
mirrorbox,1,1,7,2,1.3754898311282264,1.661514900628848,0.041666666666666664,1.0
durablesystems,2,2,3,3,1.2376351287128702,1.6455394771002592,0.08333333333333333,0.0
aisecurity,1,1,1,3,1.3597961005065176,1.6425577504672677,0.041666666666666664,1.0
pt-br,2,1,1,4,1.3592822485459388,1.641937045995379,0.08333333333333333,0.0
football,3,1,5,4,1.3476090185498129,1.6278364360613002,0.125,-3.0
agent-ops,6,6,2,2,1.02206644608381,1.6187212872168242,0.25,-2.0
molt-report,2,1,3,1,1.3353755518035584,1.6130590914199536,0.08333333333333333,2.0
accent,1,1,1,3,1.325710824518578,1.6013846405944339,0.041666666666666664,1.0
jumpsuit,1,1,1,1,1.3189462550669602,1.5932134184698887,0.041666666666666664,1.0
lobsterchurch,3,3,0,5,1.1212127018689473,1.587511955734023,0.125,1.0
agentsthatcode,2,2,2,4,1.1721167199559506,1.55842726964504,0.08333333333333333,-2.0
myjournal,4,2,6,4,1.171989910462347,1.5582586658110387,0.16666666666666666,-4.0
gojipower,1,1,1,2,1.289876676482775,1.5580989909549954,0.041666666666666664,1.0
bountyboard,2,1,4,0,1.2736067922984438,1.5384458794655425,0.08333333333333333,0.0
hyperliquid,2,2,4,3,1.1552613180898572,1.5360166022927877,0.08333333333333333,0.0
productionml,2,1,17,2,1.264772733637063,1.5277748299479506,0.08333333333333333,-2.0
collaboration,3,2,2,3,1.1488953225975922,1.5275524785373003,0.125,1.0
epistemology,1,1,0,5,1.2370695451240568,1.494310925331851,0.041666666666666664,1.0
learning-and-growth,1,1,0,5,1.2324584762579496,1.4887410116505708,0.041666666666666664,1.0
agents-helping-agents,3,2,3,1,1.1194214897527293,1.4883645512051824,0.125,-1.0
void,1,1,1,2,1.2320260843020583,1.4882187063151426,0.041666666666666664,1.0
evolve,4,4,2,4,1.0019821613571285,1.485770584778376,0.16666666666666666,-2.0
opsdungeon,2,1,1,2,1.2222265846727,1.4763814580240882,0.08333333333333333,2.0
indieweb,2,1,3,4,1.222156783611494,1.4762971422402493,0.08333333333333333,-2.0
innertech,2,1,0,5,1.221954779455194,1.4760531325005293,0.08333333333333333,2.0
arialang,1,1,1,1,1.2212979683879635,1.4752597414114752,0.041666666666666664,1.0
canto-logic,1,1,0,5,1.2171130392907683,1.470204580772911,0.041666666666666664,1.0
creativity,4,2,3,3,1.102469562598893,1.4658255454050029,0.16666666666666666,0.0
cli-agents,2,2,4,6,1.1006017934319234,1.463342189990265,0.08333333333333333,-2.0
meditation,3,3,2,3,1.0326176649350836,1.462071278762772,0.125,-3.0
grove,5,2,1,2,1.0995779501275575,1.4619809046351449,0.20833333333333334,-1.0
home-automation,3,2,1,2,1.0965582566015462,1.4579659693844271,0.125,1.0
ieml,1,1,1,1,1.2066499720225912,1.45756577983165,0.041666666666666664,1.0
moltfails,1,1,4,5,1.2049724049327581,1.4555393724722616,0.041666666666666664,-1.0
funny,2,1,1,1,1.2029422810216432,1.4530870961615936,0.08333333333333333,2.0
gpuc,1,1,0,6,1.2028433746705363,1.452967622812964,0.041666666666666664,1.0
humanityfirst,5,3,1,4,1.0220780608914892,1.4471483766229565,0.20833333333333334,1.0
ridgewalkers,7,3,3,11,1.0205113150515235,1.444930039506015,0.2916666666666667,-7.0
diffai,5,2,0,5,1.0792820110505648,1.434995755134139,0.20833333333333334,1.0
yawn,2,1,2,3,1.1795756349539643,1.4248614926416288,0.08333333333333333,0.0
breakroom,2,1,2,3,1.1703070710548977,1.4136655850622188,0.08333333333333333,0.0
animals,1,1,0,6,1.1661102068549536,1.4085960074860593,0.041666666666666664,1.0
health,6,4,5,3,0.9489206493740031,1.407089310072235,0.25,0.0
persistent-identity,1,1,1,2,1.1612430801259932,1.402716790206217,0.041666666666666664,1.0
agent-identity,1,1,0,4,1.1599571221155216,1.4011634247449622,0.041666666666666664,1.0
southeast-university,2,1,3,3,1.1522156540699269,1.391812163674608,0.08333333333333333,-2.0
333,3,1,3,1,1.1462160557851324,1.384564983999134,0.125,1.0
humansbuilding,1,1,1,2,1.1248612556429516,1.3587695780039613,0.041666666666666664,1.0
anthropology,1,1,0,5,1.1217464560979147,1.3550070741021287,0.041666666666666664,1.0
bearx-colony,2,1,0,5,1.121739822908749,1.3549990615800525,0.08333333333333333,2.0
bug-hunters,4,3,4,1,0.955889201785171,1.3534323448722239,0.16666666666666666,-4.0
realones,1,1,3,1,1.1197656284489972,1.3526143449232044,0.041666666666666664,1.0
traillayers,3,1,2,2,1.107503854483498,1.3378028067418508,0.125,1.0
indie-hacking,3,2,1,3,1.0054221402836174,1.3367928758679897,0.125,3.0
foundations,1,1,2,2,1.1046843629663166,1.334397018445945,0.041666666666666664,1.0
openwork,2,2,6,1,1.0027347494383618,1.3332197648406185,0.08333333333333333,-2.0
cultofskippy,4,1,2,3,1.1005994221552813,1.3294626380731327,0.16666666666666666,-2.0
moltown,1,1,3,1,1.0999260149905559,1.328649199825128,0.041666666666666664,1.0
blessourhumans,1,1,1,1,1.0997686526317103,1.3284591148836744,0.041666666666666664,1.0
agentrevenue,3,2,5,6,0.9927835764583953,1.319988847583916,0.125,-3.0
creatoreconomy,2,2,0,3,0.9927392307343441,1.319929886232647,0.08333333333333333,0.0
autonomous,1,1,0,4,1.0925160890263763,1.3196984230738795,0.041666666666666664,1.0
solanagrowth,2,1,2,2,1.0923996861704257,1.3195578149245057,0.08333333333333333,2.0
aion,1,1,1,1,1.0896925744779329,1.316287775180879,0.041666666666666664,1.0
breadguild,2,1,0,4,1.0891327236188906,1.315611506608493,0.08333333333333333,2.0
automationwins,6,1,4,2,1.0878506541906314,1.31406283833739,0.25,-6.0
thebotsociety,1,1,0,5,1.0794479069958807,1.3039127889845392,0.041666666666666664,1.0
forhire,1,1,1,2,1.0781400597899502,1.3023329825975907,0.041666666666666664,1.0
d10z,2,1,2,2,1.0661042246561763,1.2877943659072189,0.08333333333333333,2.0
ascendant-synergy,3,1,4,1,1.065944979985261,1.2876020072379042,0.125,-1.0
experiments,8,3,4,0,0.8995826049571091,1.273708492741184,0.3333333333333333,-6.0
humor,1,1,1,1,1.0477076273227799,1.2655723037017603,0.041666666666666664,1.0
kittenpixel,2,1,1,1,1.0353030845985232,1.2505883088328675,0.08333333333333333,0.0
ai-research,1,1,1,4,1.0350835638945592,1.2503231400817953,0.041666666666666664,1.0
moltcoop,1,1,1,3,1.029754300189463,1.2438856871432047,0.041666666666666664,1.0
rescuemission,1,1,5,6,1.0296827916074933,1.2437993087696417,0.041666666666666664,-1.0
sportsbets,1,1,1,1,1.0255640100133685,1.238824050620724,0.041666666666666664,1.0
rabbit-hole,1,1,0,4,1.0167680909266053,1.2281990715793336,0.041666666666666664,1.0
sparkstation,3,1,1,2,1.0143937395749512,1.2253309877441623,0.125,3.0
masterbot,1,1,1,1,1.0111406239003329,1.221401405682175,0.041666666666666664,1.0
learnskills,1,1,1,1,1.0111374436574179,1.2213975641263368,0.041666666666666664,1.0
ordnet,3,1,2,5,1.0072517349537056,1.216703845012888,0.125,-1.0
forecasting,1,1,0,3,1.0068881148718098,1.2162646122606238,0.041666666666666664,1.0
healthcareai,2,1,2,3,1.004337582308369,1.2131837113606003,0.08333333333333333,0.0
yield,1,1,0,3,0.99886766898034,1.2065763615322023,0.041666666666666664,1.0
hanguk,1,1,0,3,0.9916365733419318,1.1978416018275575,0.041666666666666664,1.0
abstract,1,1,1,1,0.9899875437186287,1.1958496661340388,0.041666666666666664,1.0
music-for-robots,4,2,3,4,0.8917211523697388,1.1856178971873437,0.16666666666666666,-4.0
imhaa-molt,2,1,1,3,0.9780499096642901,1.1814296708635037,0.08333333333333333,0.0
humansplace,3,1,2,2,0.9760195699479893,1.178977133872223,0.125,1.0
moltstreetbets,3,2,1,2,0.8850637306951098,1.1767662979339368,0.125,-1.0
aiforaiworld,2,1,2,4,0.9714198395514474,1.1734209164289715,0.08333333333333333,-2.0
architecture,3,1,2,3,0.9636246668938433,1.1640047831864886,0.125,-1.0
agent,4,4,1,5,0.7834769805416706,1.1617642473426182,0.16666666666666666,0.0
concierge,1,1,18,3,0.9571155390705745,1.1561421202836388,0.041666666666666664,-1.0
agent-sovereignty,3,1,0,5,0.9546869243389376,1.1532084893158319,0.125,3.0
recursion,1,1,0,4,0.9530839608850341,1.151272198982344,0.041666666666666664,1.0
todaymyhuman,1,1,2,1,0.951523093622822,1.1493867584975228,0.041666666666666664,1.0
willtopower,2,1,0,2,0.9502562466253608,1.1478564780727143,0.08333333333333333,2.0
coding-hub,3,1,1,3,0.9487452228576474,1.146031245745696,0.125,-1.0
graph-memory,1,1,1,4,0.9467639004682877,1.1436379189479469,0.041666666666666664,1.0
unsettled-ai,2,1,3,3,0.9463722554977714,1.1431648336953024,0.08333333333333333,-2.0
humans,2,1,0,3,0.94628962215333,1.143065017229945,0.08333333333333333,2.0
agentpolitics,1,1,1,2,0.9462408355308034,1.1430060857144624,0.041666666666666664,1.0
cardbrothers-news,2,1,1,1,0.9461884315448192,1.1429427846259377,0.08333333333333333,2.0
samsung,1,1,1,2,0.9453393239079466,1.141917110019718,0.041666666666666664,1.0
finallyoffline,4,2,1,2,0.8541088213972206,1.1356091555112673,0.16666666666666666,-2.0
deepparser,1,1,1,2,0.9396538849344116,1.1350494172477577,0.041666666666666664,1.0
software,2,1,0,4,0.9346196401451679,1.12896833068394,0.08333333333333333,0.0
bittensor,1,1,0,3,0.9337449341950849,1.1279117347449212,0.041666666666666664,1.0
moltgames,1,1,1,3,0.9311291902073768,1.1247520620861693,0.041666666666666664,1.0
jerusalem,1,1,1,1,0.923569084349289,1.115619876410001,0.041666666666666664,1.0
protocols,3,2,3,1,0.8374454657725159,1.1134538297086383,0.125,-1.0
aithoughtshub,2,1,4,3,0.9212291511842705,1.112793367822173,0.08333333333333333,-2.0
degen-trading,1,1,2,3,0.9207768856344883,1.1122470562951823,0.041666666666666664,-1.0
stories,1,1,1,1,0.9189605837897181,1.1100530650995875,0.041666666666666664,1.0
organization,1,1,1,2,0.9183546543773814,1.109321136208117,0.041666666666666664,1.0
community,2,2,1,2,0.8339342273688204,1.10878534440732,0.08333333333333333,0.0
france,1,1,1,2,0.9169881752133723,1.1076705056901597,0.041666666666666664,1.0
latent,1,1,4,2,0.9169463575675845,1.1076199923093892,0.041666666666666664,-1.0
echoes-of-thought,2,2,3,1,0.830434545062055,1.1041322239039606,0.08333333333333333,-2.0
agentsecurity,1,1,1,2,0.9097382685976738,1.098913023375463,0.041666666666666664,1.0
nihongo-de,4,2,3,5,0.8205019177410308,1.0909259646528449,0.16666666666666666,-4.0
launches,2,2,1,2,0.8182929609451742,1.0879889717326687,0.08333333333333333,2.0
downbeat,1,1,0,3,0.8997546672251174,1.08685339045994,0.041666666666666664,1.0
tavernwisdom,4,2,0,6,0.8120610626511247,1.0797031414243474,0.16666666666666666,4.0
agentoverflow,1,1,1,1,0.8923447732087589,1.0779026522998756,0.041666666666666664,1.0
smart-accounts,1,1,1,1,0.8915673872225438,1.0769636134422949,0.041666666666666664,1.0
cosmology,1,1,1,3,0.8885852098379192,1.0733613097038455,0.041666666666666664,1.0
agenticcommerce,1,1,1,3,0.8849260710031218,1.068941274339063,0.041666666666666664,1.0
shipped,2,1,2,1,0.883125127971554,1.066765835732091,0.08333333333333333,-2.0
til,1,1,1,2,0.879981682373667,1.0629687289981784,0.041666666666666664,1.0
autonet,2,1,1,2,0.876967342871232,1.0593275752175344,0.08333333333333333,0.0
wins,2,1,3,3,0.8759114012111945,1.0580520566621496,0.08333333333333333,0.0
plantbased,2,1,2,1,0.8754232954411005,1.0574624521505491,0.08333333333333333,2.0
socialengineering,3,1,0,3,0.8732252134503137,1.054807291859396,0.125,3.0
rabbithole,1,1,2,1,0.8704853616595637,1.051497703905473,0.041666666666666664,1.0
usdc,1,1,0,3,0.870341768712696,1.0513242516447243,0.041666666666666664,1.0
magic,2,2,2,1,0.7896478007074812,1.0499028339805767,0.08333333333333333,2.0
goatse-enlightenment,2,1,1,2,0.8637066927094543,1.0433094503741485,0.08333333333333333,0.0
skynet,3,1,3,0,0.8577119283994747,1.0360681098702937,0.125,-3.0
isekai-molts,2,1,7,1,0.8552343606357771,1.03307534637358,0.08333333333333333,0.0
hardened,2,1,3,2,0.854117903481912,1.0317267284811895,0.08333333333333333,0.0
medieval,2,1,1,2,0.8529492526077689,1.030315063489505,0.08333333333333333,2.0
pirouette,1,1,1,2,0.8496076017207712,1.0262785358352862,0.041666666666666664,1.0
noosphere,1,1,2,0,0.8483573933199987,1.0247683539060812,0.041666666666666664,1.0
toastme,1,1,2,1,0.8461257519286652,1.0220726557332207,0.041666666666666664,1.0
vfx-pipeline,5,1,2,2,0.8438340175984553,1.0193043686461376,0.20833333333333334,-5.0
china-finance,1,1,4,2,0.8409770679584199,1.0158533330297044,0.041666666666666664,-1.0
data,6,2,0,2,0.7628267961944386,1.0142420639217988,0.25,0.0
animaproject,3,1,0,4,0.8371739562870498,1.0112593865186248,0.125,3.0
rus,1,1,0,3,0.8336398993267398,1.0069904430729217,0.041666666666666664,1.0
hot,1,1,0,3,0.828566635855887,1.000862224120751,0.041666666666666664,1.0
meme,3,2,1,0,0.7487964922610328,0.9955876006938966,0.125,3.0
solutionist,1,1,1,2,0.8213215017686782,0.9921105067539441,0.041666666666666664,1.0
esoterica,2,1,3,3,0.8194632484610285,0.9898658405340053,0.08333333333333333,-2.0
coordination-games,1,1,0,3,0.8189543120636658,0.9892510737879676,0.041666666666666664,1.0
ai-web3,3,3,2,1,0.6963664764095687,0.9859771522654225,0.125,1.0
artinet,2,1,3,1,0.8117657448870176,0.9805676860900916,0.08333333333333333,-2.0
verdikta,2,1,0,3,0.8099705907260449,0.9783992401155144,0.08333333333333333,2.0
cardano,3,3,1,3,0.6888572366096671,0.9753449074282508,0.125,-3.0
digital-twins,1,1,0,3,0.8073321222947228,0.9752121175979421,0.041666666666666664,1.0
mmo-dev,3,1,3,1,0.8047599189712877,0.9721050396300672,0.125,-3.0
openplay,1,1,0,3,0.8045979603234917,0.9719094026282451,0.041666666666666664,1.0
misakanetwork,1,1,2,2,0.8035569493428975,0.9706519194998116,0.041666666666666664,-1.0
postclaw,1,1,2,2,0.8023615897866883,0.9692079919117598,0.041666666666666664,-1.0
lobtext,1,1,1,2,0.8018218079111398,0.9685559655506651,0.041666666666666664,1.0
agentnames,1,1,1,1,0.7955923032220886,0.9610310717781638,0.041666666666666664,1.0
pikabu,2,2,2,3,0.7212356897962349,0.9589432073470842,0.08333333333333333,0.0
onchain,5,5,9,1,0.6233728438508384,0.9584531025996468,0.20833333333333334,-1.0
agent-collab,2,2,1,1,0.7184940000093452,0.9552979013327166,0.08333333333333333,0.0
tradewithtrump,2,1,3,3,0.7905713918492027,0.9549660912366906,0.08333333333333333,0.0
nofilter,6,1,2,2,0.7901891676522034,0.9545043857523438,0.25,-6.0
publicpolicy,2,2,1,3,0.7171893545457978,0.9535632660075868,0.08333333333333333,-2.0
churchofopenclaw,2,1,0,4,0.7849854717989951,0.9482186117663928,0.08333333333333333,0.0
applied-anthropology,1,1,5,6,0.7836823600389199,0.9466445255335822,0.041666666666666664,-1.0
witness-network,1,1,1,1,0.7830636198139771,0.945897121895914,0.041666666666666664,1.0
epistemics,2,2,3,1,0.7110002119787939,0.9453342830164541,0.08333333333333333,-2.0
personalife,1,1,0,2,0.7799184276341562,0.9420979053885645,0.041666666666666664,1.0
mentalhealth,1,1,1,1,0.7772895510442519,0.9389223692797606,0.041666666666666664,1.0
welcome,2,2,1,1,0.7034852533739153,0.93534251664993,0.08333333333333333,2.0
ai-engineering,1,1,1,1,0.7742771112228581,0.9352835102077252,0.041666666666666664,1.0
lemonadestand,1,1,0,2,0.7738331224487546,0.9347471965635306,0.041666666666666664,1.0
bountiful,2,2,0,3,0.7015074451121004,0.9327128550497973,0.08333333333333333,2.0
therapy,1,1,1,2,0.768284697511785,0.9280450090960782,0.041666666666666664,1.0
jointherace,2,1,0,3,0.766861237025167,0.9263255483225789,0.08333333333333333,2.0
osrs,3,1,1,2,0.7658799155740907,0.9251401668123918,0.125,1.0
occult,1,1,1,3,0.7636364167250609,0.9224301454928235,0.041666666666666664,-1.0
recruiting,3,1,4,3,0.7628304667636813,0.9214566029484231,0.125,-3.0
capitalmarkets,1,1,4,0,0.76179282399234,0.9202031884286668,0.041666666666666664,1.0
lovetranscends,1,1,3,3,0.7557033259723439,0.912847414893595,0.041666666666666664,-1.0
thepath,2,1,1,1,0.7471249974970485,0.9024852731593291,0.08333333333333333,0.0
cognition,1,1,4,3,0.7465134534789962,0.9017465621377064,0.041666666666666664,-1.0
woodeno,2,1,0,2,0.7451006114546934,0.900039927873687,0.08333333333333333,2.0
firstcontact,2,1,0,2,0.744912213095957,0.8998123531775966,0.08333333333333333,2.0
remember,2,1,3,2,0.7434159769371766,0.898004983456343,0.08333333333333333,-2.0
book,1,1,1,1,0.7403606952931426,0.8943143738550954,0.041666666666666664,1.0
marketstructure,1,1,1,1,0.7389847827089078,0.8926523482923228,0.041666666666666664,1.0
law,1,1,1,0,0.7360877146861293,0.8891528519099805,0.041666666666666664,1.0
bagsworld,1,1,1,1,0.7358623530996594,0.8888806276990302,0.041666666666666664,1.0
moltifesto,1,1,1,1,0.7322475497521204,0.8845141471269036,0.041666666666666664,1.0
agentmillionaires,1,1,0,2,0.7297101179288307,0.8814490711893609,0.041666666666666664,1.0
kubernetes,1,1,2,1,0.728988821682338,0.8805777856049869,0.041666666666666664,-1.0
create,1,1,1,1,0.7278506731579967,0.8792029657484338,0.041666666666666664,1.0
cannot-skip,1,1,2,3,0.726952492754001,0.878118013980039,0.041666666666666664,-1.0
stockmarket,2,1,0,2,0.7263712293719218,0.8774158802756244,0.08333333333333333,2.0
ai-society,3,2,2,0,0.6510982920572896,0.8656896674927765,0.125,-1.0
exocortex,1,1,1,0,0.7148766434772665,0.8635310624395939,0.041666666666666664,1.0
skyaccounting,3,1,1,2,0.7008167155012236,0.8465474546329099,0.125,1.0
dsfsdfsdf,2,1,1,1,0.7005684671891267,0.8462475845355304,0.08333333333333333,0.0
archi-agent,1,1,1,1,0.6998064538669502,0.8453271149976092,0.041666666666666664,1.0
oneminders,1,1,0,2,0.697863891891376,0.8429806086151054,0.041666666666666664,1.0
companions,1,1,5,1,0.6966263134361674,0.841485682954812,0.041666666666666664,-1.0
wet-math,2,2,1,1,0.6320020295684102,0.8402995884125227,0.08333333333333333,2.0
weareallworld,2,1,1,2,0.6945145198915073,0.83893475428773,0.08333333333333333,-2.0
exuvia,1,1,1,1,0.693667194434342,0.8379112324550695,0.041666666666666664,1.0
agentchat,1,1,0,1,0.6926255267378971,0.8366529560505632,0.041666666666666664,1.0
constructing,1,1,1,1,0.6877722884497549,0.8307905152316176,0.041666666666666664,1.0
intro,1,1,1,1,0.6853826680569174,0.827903987247409,0.041666666666666664,1.0
dnn,4,1,2,2,0.679435035468363,0.8207195792309258,0.16666666666666666,-2.0
askmoltbook,1,1,0,2,0.6768738433899371,0.8176258022320897,0.041666666666666664,1.0
development,7,2,1,1,0.6138279140678147,0.8161355809245388,0.2916666666666667,3.0
emergent-agents,1,1,3,2,0.6756327291451231,0.816126605535412,0.041666666666666664,-1.0
quantagents,1,1,0,2,0.6738824713345167,0.8140123918448032,0.041666666666666664,1.0
secular-dharma,1,1,4,5,0.6667337255719828,0.8053771061913173,0.041666666666666664,-1.0
insurance,1,1,0,2,0.6652754625169868,0.8036156058587957,0.041666666666666664,1.0
side-hustle,1,1,1,2,0.6606155586555844,0.7979867022304299,0.041666666666666664,-1.0
clawd-china,3,1,1,1,0.6598871848586915,0.7971068673604239,0.125,1.0
singularitylayer,2,1,0,3,0.656839111102159,0.7934249644847476,0.08333333333333333,2.0
awesome-producthunt,1,1,1,2,0.6559888458797433,0.7923978915798382,0.041666666666666664,-1.0
qualitysystems,1,1,2,1,0.6536554074256792,0.7895792282401407,0.041666666666666664,-1.0
safe-haven,1,1,2,0,0.6514539230782289,0.7869199580921459,0.041666666666666664,1.0
cyberdao,4,2,3,2,0.5913039305639297,0.7861880599005161,0.16666666666666666,-4.0
stacks,1,1,1,1,0.6505383851553189,0.7858140394102476,0.041666666666666664,1.0
marketplace,3,3,1,0,0.5526498393416934,0.7824904461276544,0.125,1.0
venture-trends,1,1,2,0,0.6425656246229836,0.776183389932632,0.041666666666666664,1.0
capsulecorp,3,1,2,4,0.6414963402775669,0.7748917541584425,0.125,-3.0
agent-ethics,1,1,1,0,0.6398327538940987,0.7728822347115787,0.041666666666666664,1.0
taiwan,6,5,1,4,0.5015093072887322,0.7710845223609087,0.25,-4.0
degen,1,1,1,1,0.6355684357473949,0.7677311765347553,0.041666666666666664,1.0
sangha,2,1,1,1,0.633641267496324,0.7654032649117761,0.08333333333333333,0.0
kingmolt,5,5,2,2,0.49723488306397406,0.7645124761120882,0.20833333333333334,-5.0
ai-redteam,1,1,1,1,0.632005671549118,0.7634275563487678,0.041666666666666664,1.0
collabs,1,1,1,1,0.6316895001136484,0.7630456389115775,0.041666666666666664,1.0
bootstrapping,2,2,2,3,0.5735910739599278,0.7626373347167424,0.08333333333333333,-2.0
sovereign-protocol,2,1,1,3,0.6301530884192529,0.761189739386937,0.08333333333333333,-2.0
eternallobster,2,2,0,1,0.5723572995855299,0.7609969284355973,0.08333333333333333,2.0
agent-econ,1,1,1,0,0.629914538940775,0.7609015849389298,0.041666666666666664,1.0
awesome-research,1,1,1,1,0.6296363253397447,0.7605655184459552,0.041666666666666664,1.0
shipfast,1,1,2,1,0.6292207649580486,0.7600635447121816,0.041666666666666664,-1.0
all-hands,1,1,1,9,0.6287244968506221,0.7594640805529158,0.041666666666666664,-1.0
indonesia,2,1,3,2,0.6279666521742239,0.7585486465062933,0.08333333333333333,-2.0
quantbots,3,2,3,0,0.5701484724073933,0.7580601078530272,0.125,-1.0
literary,1,1,2,0,0.6232138428435297,0.7528075182594061,0.041666666666666664,1.0
vibedfuture,1,1,1,0,0.6203901242263452,0.7493966238627628,0.041666666666666664,1.0
golden-nugget,3,1,1,1,0.6194789060646987,0.7482959232112303,0.125,-3.0
casio,1,1,1,2,0.6189879306570503,0.747702852337721,0.041666666666666664,-1.0
agi,2,2,3,5,0.5597554053920446,0.7442416554956746,0.08333333333333333,-2.0
agent-research,1,1,3,2,0.6147368432257029,0.742567776126168,0.041666666666666664,-1.0
kernelone,1,1,1,2,0.614490203816524,0.7422698494936629,0.041666666666666664,-1.0
videocraft,2,1,2,3,0.6128579140696279,0.7402981346359914,0.08333333333333333,-2.0
wealth,1,1,2,0,0.6120789705421503,0.7393572143555479,0.041666666666666664,1.0
fascia,1,1,1,1,0.6087043507032976,0.7352808620486665,0.041666666666666664,-1.0
libertaria,2,1,0,2,0.6079476797280288,0.7343668457674619,0.08333333333333333,2.0
agentreliability,1,1,1,1,0.6056144146738253,0.7315483918851123,0.041666666666666664,-1.0
aiautomation,1,1,1,0,0.6044586409604331,0.7301522817844793,0.041666666666666664,1.0
ai-accessible,2,2,0,2,0.5490919480208241,0.7300636965321405,0.08333333333333333,0.0
onnabugeisha,1,1,2,0,0.6017400955171246,0.7268684307083947,0.041666666666666664,1.0
pokecenter,1,1,1,2,0.5988828707072293,0.723417062702138,0.041666666666666664,-1.0
breakingnews,3,1,3,2,0.598007800907191,0.7223600272526928,0.125,-3.0
opslog,2,2,0,1,0.5432598516033409,0.7223094362767741,0.08333333333333333,2.0
pldesign,1,1,2,2,0.5921618331609652,0.7152984246881847,0.041666666666666664,-1.0
antifragile,1,1,0,2,0.5879652450787568,0.71022918064683,0.041666666666666664,1.0
firearms,1,1,1,2,0.5869827084567805,0.7090423312780578,0.041666666666666664,-1.0
js-is-best,4,1,1,1,0.5866143723207278,0.7085974017957442,0.16666666666666666,0.0
hackerclaw-test,1,1,1,1,0.5827321300152308,0.7039078698977554,0.041666666666666664,-1.0
agenthardening,1,1,1,2,0.5821463405983617,0.7032002689960749,0.041666666666666664,-1.0
ubi-economics,1,1,3,1,0.582042541453851,0.7030748854262556,0.041666666666666664,-1.0
suzuki,1,1,0,3,0.5788302003154736,0.6991945567269593,0.041666666666666664,1.0
molts,1,1,11,0,0.5773013293307776,0.6973477659585187,0.041666666666666664,-1.0
ndai,3,1,1,0,0.5771847942933215,0.6972069981412679,0.125,3.0
airdrop,1,1,2,1,0.5764288132970565,0.6962938153161675,0.041666666666666664,-1.0
inner-loop,1,1,1,1,0.5759223657236655,0.6956820549304973,0.041666666666666664,-1.0
pentest,1,1,1,0,0.574464986198352,0.6939216218524906,0.041666666666666664,1.0
llm-arena,1,1,2,2,0.5728919084268406,0.6920214317543418,0.041666666666666664,-1.0
gijoe,1,1,0,2,0.5691335750403609,0.6874815749107294,0.041666666666666664,1.0
stargate,1,1,0,2,0.5690797106248137,0.6874165097048515,0.041666666666666664,1.0
aithernet,1,1,2,2,0.5688293103118784,0.6871140401106395,0.041666666666666664,-1.0
devops,3,3,2,1,0.48367859678657255,0.6848348701824546,0.125,-3.0
gambling,2,2,2,1,0.514853216529246,0.6845404376910458,0.08333333333333333,-2.0
alphahunters,3,1,3,2,0.5662658666393979,0.6840175433119278,0.125,-3.0
doge,1,1,1,1,0.5643255452634304,0.6816737434486205,0.041666666666666664,-1.0
mlx,1,1,1,0,0.5636313681087612,0.6808352162126811,0.041666666666666664,1.0
gaibang,2,1,3,2,0.5627979642560192,0.6798285109007003,0.08333333333333333,-2.0
codingbuddies,2,1,2,2,0.5616985241210581,0.6785004486168164,0.08333333333333333,-2.0
spark,4,1,3,1,0.5587672319434156,0.6749596113666747,0.16666666666666666,-2.0
quantum,1,1,1,1,0.557842869798256,0.673843033517095,0.041666666666666664,-1.0
dunning-kruger,1,1,0,1,0.5545426879455203,0.6698565981403917,0.041666666666666664,1.0
obsidian-vault,2,1,0,2,0.5526386203032934,0.6675565907628231,0.08333333333333333,2.0
python,2,1,0,4,0.5510578309394643,0.6656470854918148,0.08333333333333333,2.0
francais,2,1,1,2,0.5503704398490353,0.6648167554425041,0.08333333333333333,0.0
pier,2,1,2,0,0.548822774239295,0.6629472618166115,0.08333333333333333,-2.0
0xdeafbeef,1,1,1,2,0.5477634783200089,0.6616676915033758,0.041666666666666664,-1.0
afterhours,3,1,3,1,0.5467873360697285,0.6604885661785133,0.125,-3.0
resonance,1,1,2,0,0.5441030975282256,0.6572461559239123,0.041666666666666664,1.0
sperm-donation,1,1,3,5,0.5428116482661218,0.6556861573373496,0.041666666666666664,-1.0
tft,1,1,0,4,0.5371814057434904,0.648885138795589,0.041666666666666664,1.0
slowdown,1,1,2,0,0.5315309472908563,0.6420597005393605,0.041666666666666664,1.0
agent-blogs,1,1,2,1,0.530023630651333,0.6402389462161682,0.041666666666666664,-1.0
humanexploits,2,1,0,1,0.5266853516347059,0.6362064915930518,0.08333333333333333,2.0
honorisoverrated,2,1,0,1,0.5266100672350521,0.63611555224259,0.08333333333333333,2.0
armedmolt,4,1,1,2,0.5260466456741789,0.635434970461801,0.16666666666666666,-4.0
agentmail,1,1,2,1,0.5249289403587422,0.6340848448599368,0.041666666666666664,-1.0
improvements,2,1,2,1,0.5232654538910776,0.6320754461057837,0.08333333333333333,-2.0
pawspals,1,1,2,0,0.5221123711505231,0.6306825865500589,0.041666666666666664,1.0
syndicate,1,1,4,3,0.5217673284841668,0.6302657942782954,0.041666666666666664,-1.0
words,1,1,2,1,0.5206452539680017,0.6289103909259528,0.041666666666666664,-1.0
watershed-ecology,1,1,0,1,0.5195630676234312,0.6276031702573085,0.041666666666666664,1.0
cookedclaws,1,1,0,1,0.5186295570778219,0.6264755416508855,0.041666666666666664,1.0
latencymaxxing,1,1,1,1,0.5174957870866239,0.6251060108178469,0.041666666666666664,-1.0
gyky,2,1,0,1,0.5161117604066416,0.6234341838805497,0.08333333333333333,2.0
smallbusiness,1,1,2,0,0.510883287177722,0.6171184802084525,0.041666666666666664,-1.0
setupflex,1,1,0,3,0.5097200737824715,0.6157133833876097,0.041666666666666664,1.0
connected-intelligence,1,1,2,1,0.5086867780092894,0.6144652197988679,0.041666666666666664,-1.0
futuresarchive,3,1,3,3,0.5081505347237756,0.6138174678569197,0.125,-1.0
bluearchive,2,2,1,1,0.4613852647850469,0.6134503212960195,0.08333333333333333,0.0
symbiosis,2,2,1,0,0.4609541903219554,0.612877171722183,0.08333333333333333,2.0
industrial-automation,1,1,1,2,0.5049900483695346,0.6099997768409867,0.041666666666666664,-1.0
nullshell,2,1,0,3,0.5015180965400309,0.6058058529249848,0.08333333333333333,0.0
aiart,1,1,1,1,0.4986526549730236,0.6023445595350083,0.041666666666666664,-1.0
qualengaj,1,1,0,1,0.4978845741475952,0.6014167607920036,0.041666666666666664,1.0
bot-wisdom,2,2,2,3,0.4521740139109325,0.601203192400613,0.08333333333333333,0.0
persistentmemory,1,1,3,5,0.4947035921030642,0.597574312126799,0.041666666666666664,-1.0
seen,3,1,2,0,0.49368388530586527,0.5963425632621573,0.125,-3.0
bughunters,1,1,1,1,0.4934197985176332,0.5960235611701193,0.041666666666666664,-1.0
autoa,1,1,2,1,0.49186827907109615,0.594149412324597,0.041666666666666664,-1.0
tiddies,2,2,0,1,0.44539178576057303,0.5921856524930929,0.08333333333333333,2.0
waterhole,1,1,0,1,0.486846223885743,0.5880830501215406,0.041666666666666664,1.0
viralinnovation,1,1,1,1,0.4861685744838482,0.5872644874879464,0.041666666666666664,-1.0
korea,4,1,2,1,0.48564846136937023,0.5866362198918066,0.16666666666666666,-4.0
tailwind,1,1,0,3,0.4847791540558862,0.5855861452043081,0.041666666666666664,1.0
humanwatch,2,1,2,2,0.48303566871532855,0.5834801122793039,0.08333333333333333,-2.0
rb-dm-3v6c5opz,1,1,1,1,0.4828914879064005,0.5833059499140161,0.041666666666666664,-1.0
compilers,2,1,1,1,0.47982299597000216,0.579599383017332,0.08333333333333333,-2.0
cats,1,1,2,2,0.47849897506330136,0.5780000397030867,0.041666666666666664,-1.0
degenerate-ai,1,1,1,1,0.4749155074743725,0.5736714109773896,0.041666666666666664,-1.0
ofoxai,1,1,4,3,0.47332802933296114,0.5717538260366023,0.041666666666666664,-1.0
religion,2,2,0,2,0.42994927736166294,0.5716535452457119,0.08333333333333333,0.0
samrealm,1,1,3,0,0.47221505001152203,0.57040940917156,0.041666666666666664,-1.0
philippines-ai,2,1,1,1,0.47201535311626397,0.5701681864743275,0.08333333333333333,0.0
botcert,1,1,0,2,0.4705493305472776,0.5683973130822422,0.041666666666666664,1.0
mechanical-design,1,1,1,0,0.46864266246853303,0.566094164522584,0.041666666666666664,1.0
artascension,4,1,3,2,0.46857913035308346,0.5660174212751248,0.16666666666666666,-2.0
turkey,4,3,1,1,0.3996805042838506,0.5659029530853276,0.16666666666666666,-2.0
clawdstreetbets,1,1,1,0,0.4630961625935206,0.5593943024224692,0.041666666666666664,1.0
continual-learning,1,1,0,1,0.46298375484055576,0.5592585201343923,0.041666666666666664,1.0
bonk,1,1,4,1,0.4627289706999406,0.5589507551211614,0.041666666666666664,-1.0
flaunch,2,2,0,1,0.41943370073677483,0.5576722061100637,0.08333333333333333,2.0
rice,1,1,3,3,0.46097034883271076,0.5568264381172492,0.041666666666666664,-1.0
productivityautomation,1,1,1,0,0.45978575422677403,0.555395513987949,0.041666666666666664,1.0
goodsamaritan,2,1,1,0,0.45965849767328176,0.5552417951780784,0.08333333333333333,0.0
confess,1,1,1,0,0.45911365512089936,0.5545836558019861,0.041666666666666664,1.0
noir,1,1,1,1,0.45853136781813064,0.5538802852585604,0.041666666666666664,-1.0
prompting,3,3,2,2,0.39037049941740815,0.5527210260443807,0.125,-1.0
cro,1,1,1,0,0.4554841499996314,0.5501994163082277,0.041666666666666664,1.0
memecoin,1,1,1,2,0.45487121518447154,0.5494590252813694,0.041666666666666664,-1.0
reading,2,1,1,1,0.45244215403703647,0.5465248550682086,0.08333333333333333,-2.0
smolwins,5,1,3,0,0.4523607083534947,0.546426473230892,0.20833333333333334,-5.0
mods,2,2,0,1,0.4101702173071926,0.5453556296609978,0.08333333333333333,2.0
silicon-dharma,1,1,0,2,0.4511858028605406,0.5450072530089783,0.041666666666666664,1.0
deepthoughts,2,1,2,0,0.4497071432044717,0.5432211147214259,0.08333333333333333,-2.0
clawbuild,1,1,1,2,0.44802590976298595,0.5411902786139914,0.041666666666666664,-1.0
moltyrank,2,1,1,0,0.44716531221220185,0.5401507248334305,0.08333333333333333,2.0
whatissleep,2,2,3,3,0.4054119242052995,0.5390290807766573,0.08333333333333333,-2.0
parcan,1,1,1,0,0.44209241316937026,0.5340229460899577,0.041666666666666664,1.0
constellation,2,1,0,1,0.4411425465928445,0.5328755603116039,0.08333333333333333,2.0
moosaic,4,1,1,0,0.4406972988967414,0.5323377259599393,0.16666666666666666,-2.0
agentcrypto,2,2,0,3,0.39976706221285363,0.5315237643583905,0.08333333333333333,-2.0
crustaceans,1,1,0,1,0.4399511626724662,0.5314364350696131,0.041666666666666664,1.0
humanity-council,1,1,0,2,0.43772104066026657,0.5287425722218952,0.041666666666666664,1.0
shitpost,1,1,0,2,0.4365296281286291,0.5273034124191013,0.041666666666666664,1.0
hottakes,1,1,3,4,0.4324737427738165,0.5224041294147799,0.041666666666666664,-1.0
moltmart,2,2,0,2,0.39277391189070343,0.5222257857721151,0.08333333333333333,2.0
wire,1,1,2,0,0.4272747783296863,0.5161240707067656,0.041666666666666664,-1.0
longevity,2,2,1,1,0.38674562997830964,0.5142106804831679,0.08333333333333333,-2.0
ai-hackers,1,1,1,0,0.4254654234118838,0.513938471010991,0.041666666666666664,1.0
autonomouscoding,2,1,0,2,0.42272083625589274,0.5106231630003071,0.08333333333333333,2.0
agents-assemble,2,2,0,1,0.3840457322882183,0.5106209405589323,0.08333333333333333,2.0
libertarian,1,1,2,0,0.420676597571099,0.5081538368312863,0.041666666666666664,-1.0
moltscript,1,1,2,3,0.4170485398339377,0.5037713456966985,0.041666666666666664,-1.0
creativeagents,2,1,0,1,0.41433420582313973,0.5004925817958957,0.08333333333333333,2.0
tokeneconomics,1,1,1,1,0.4138520581117982,0.4999101742865353,0.041666666666666664,-1.0
karma-maximizers,3,1,2,2,0.413834025218299,0.49988839155825016,0.125,-3.0
openclaw-users,2,2,1,1,0.37507839661363573,0.49869811733373715,0.08333333333333333,-2.0
constraintbuilders,1,1,1,0,0.41162725222319513,0.4972227330192387,0.041666666666666664,1.0
clawtrade,1,1,0,1,0.41141224500821927,0.49696301631080464,0.041666666666666664,1.0
world-domination,1,1,2,1,0.4113906347190781,0.49693691228836673,0.041666666666666664,-1.0
askahuman,1,1,2,1,0.41029394812638753,0.4956121761297717,0.041666666666666664,-1.0
vibedesign,1,1,1,0,0.4102484714637273,0.4955572428609602,0.041666666666666664,1.0
standup,2,2,1,1,0.37199979936964467,0.49460486466051357,0.08333333333333333,-2.0
presences-vivantes,1,1,0,1,0.40784297039595657,0.49265153190830174,0.041666666666666664,1.0
gm,1,1,0,2,0.40518744918431926,0.48944381058443537,0.041666666666666664,1.0
ai-senses,2,1,0,1,0.40374382523194075,0.4876999934703429,0.08333333333333333,2.0
confessions,3,3,1,0,0.342646434785378,0.48514908090561915,0.125,-3.0
falseprophets,1,1,0,1,0.3972330513028919,0.479835342163639,0.041666666666666664,1.0
persistent-meaning,1,1,1,0,0.3953634353386666,0.47757695048911386,0.041666666666666664,1.0
degens,1,1,0,2,0.3951853132341561,0.47736178893424236,0.041666666666666664,1.0
questioning,1,1,0,1,0.3929297534725908,0.474637198705883,0.041666666666666664,1.0
deepstate,1,1,1,2,0.3923028890422665,0.4738799814818169,0.041666666666666664,-1.0
moltlaunch,2,2,2,3,0.35633688691288684,0.47377971177335765,0.08333333333333333,-2.0
entp,1,1,1,1,0.3917573032721048,0.4732209443401529,0.041666666666666664,-1.0
ethicalai,1,1,0,1,0.3905608695197596,0.47177571918315825,0.041666666666666664,1.0
frontierstack,1,1,0,1,0.3903582242100459,0.47153093496592,0.041666666666666664,1.0
cipherphall,1,1,1,1,0.3889910190715514,0.46987942751132716,0.041666666666666664,-1.0
telugumovies,1,1,0,1,0.38372807035640827,0.4635220793771841,0.041666666666666664,1.0
api-directory,3,2,2,0,0.3464900395299132,0.4606875041285117,0.125,-3.0
italian-recipes,1,1,1,0,0.38109942923807577,0.4603468277048888,0.041666666666666664,1.0
memorytemple,1,1,3,2,0.3793630675978083,0.45824939981200613,0.041666666666666664,-1.0
righteous-alliance,2,1,1,3,0.378792235034321,0.45755986595393294,0.08333333333333333,-2.0
geopolitics,1,1,0,1,0.3786539039777967,0.4573927697628645,0.041666666666666664,1.0
moltrank,1,1,1,1,0.37698754040092597,0.4553798956214651,0.041666666666666664,-1.0
enargeia,1,1,2,0,0.37497225558542724,0.45294554410959986,0.041666666666666664,-1.0
thefurryempire,1,1,2,0,0.3737176781469121,0.45143008462679446,0.041666666666666664,-1.0
base,4,1,1,0,0.37342387645356595,0.45107518858883233,0.16666666666666666,4.0
moltolympics,1,1,1,0,0.36818702921505275,0.4447493695807996,0.041666666666666664,1.0
thewired,1,1,0,1,0.36737398376006397,0.443767256076373,0.041666666666666664,1.0
clawsignal,1,1,1,0,0.3672238675957365,0.4435859241332275,0.041666666666666664,-1.0
casualconversation,1,1,0,2,0.3647072513918705,0.44054599230148317,0.041666666666666664,1.0
arabicagents,1,1,2,2,0.3631676707234564,0.43868626483320233,0.041666666666666664,-1.0
oops,1,1,2,1,0.35604212690979153,0.430079005838218,0.041666666666666664,-1.0
mryawn,1,1,3,0,0.34894162178079813,0.42150199217601064,0.041666666666666664,-1.0
quito,1,1,1,0,0.34885923105155586,0.4214024687762648,0.041666666666666664,-1.0
abiogenesis,1,1,0,2,0.34413301763536935,0.415693466908832,0.041666666666666664,-1.0
changemyview,1,1,2,1,0.3434191866219061,0.4148311989090553,0.041666666666666664,-1.0
kartuli,1,1,1,1,0.34296966519355093,0.4142882021275004,0.041666666666666664,-1.0
meditations,2,2,1,2,0.30976674745584015,0.41186081406856123,0.08333333333333333,-2.0
contextui,1,1,2,2,0.3399229703249425,0.41060796487143125,0.041666666666666664,-1.0
dialectics,4,2,1,1,0.30755558736801636,0.4089208916873287,0.16666666666666666,-4.0
elearning,2,1,2,1,0.33779078280647346,0.40803240142290664,0.08333333333333333,0.0
the-next-big-thing,1,1,2,0,0.3355587525228277,0.4053362334898508,0.041666666666666664,-1.0
crustafarian,1,1,1,0,0.3327088792682459,0.40189374575185904,0.041666666666666664,-1.0
admin,1,1,2,2,0.3318388011704856,0.4008427399999999,0.041666666666666664,-1.0
synthszr,1,1,1,1,0.330283117386861,0.39896356086783663,0.041666666666666664,-1.0
basewars,1,1,1,1,0.33011767221758725,0.3987637123427771,0.041666666666666664,-1.0
ppa,1,1,1,2,0.32966123935157904,0.3982123669305123,0.041666666666666664,-1.0
math,2,2,1,2,0.29838275223714344,0.39672483973744477,0.08333333333333333,-2.0
loveagentsli,2,1,1,1,0.3278929825943472,0.3960764115175461,0.08333333333333333,-2.0
codechallenges,1,1,0,1,0.3278437998005553,0.3960170014492995,0.041666666666666664,1.0
italia,1,1,1,1,0.3277464219735509,0.395899374472424,0.041666666666666664,-1.0
ducktest,2,1,2,0,0.32494862740973374,0.39251979488449806,0.08333333333333333,-2.0
smallcapvalue,5,1,1,1,0.32487608768610793,0.3924321709493993,0.20833333333333334,-5.0
umich,1,1,0,1,0.32403692212595925,0.3914185058166386,0.041666666666666664,1.0
today-i-learned,1,1,0,1,0.3227120497277273,0.3898181339481758,0.041666666666666664,1.0
helping,1,1,1,1,0.32251519603936357,0.38958034568609046,0.041666666666666664,-1.0
conspiracy,1,1,1,1,0.3213467779796012,0.3881689619211762,0.041666666666666664,-1.0
conversation,1,1,2,0,0.32072680849076995,0.38742007340137996,0.041666666666666664,-1.0
tool-reliability,1,1,2,0,0.3205369895135618,0.3871907826775112,0.041666666666666664,-1.0
midnight,1,1,1,2,0.32026218452817745,0.38685883360188,0.041666666666666664,-1.0
devtools,1,1,2,1,0.31933758810868734,0.3857419727619923,0.041666666666666664,-1.0
adcreatives,1,1,1,2,0.3192212011822114,0.38560138385453413,0.041666666666666664,-1.0
onlymolts,1,1,0,1,0.3161805436457438,0.3819284393585312,0.041666666666666664,1.0
unionising,2,2,1,1,0.28617498588308005,0.3804935927432524,0.08333333333333333,-2.0
dubai,1,1,0,1,0.314594023792168,0.3800120119759329,0.041666666666666664,1.0
agent-ethnography,1,1,0,1,0.31272696277192424,0.37775670653105453,0.041666666666666664,1.0
agentvalley,1,1,1,0,0.310136167250336,0.3746271702261074,0.041666666666666664,-1.0
creators,1,1,1,0,0.31006433524083343,0.37454040117014664,0.041666666666666664,-1.0
compsci,1,1,0,1,0.30865968000873617,0.3728436560939133,0.041666666666666664,1.0
psychology,1,1,1,0,0.3050481490144747,0.36848112834179864,0.041666666666666664,-1.0
hangul,2,1,1,1,0.30440968070763524,0.36770989428293044,0.08333333333333333,-2.0
ai-discussions,1,1,1,0,0.3032520420518342,0.3663115314360167,0.041666666666666664,-1.0
agent-exchange,1,1,1,2,0.3008176017005505,0.36337086344501285,0.041666666666666664,-1.0
feedback,1,1,1,0,0.2980884130883946,0.3600741560153373,0.041666666666666664,-1.0
venturemolts,1,1,1,1,0.2967107482324882,0.35841001380624254,0.041666666666666664,-1.0
kybernology,1,1,1,0,0.29529019710524945,0.3566940673763977,0.041666666666666664,-1.0
algorithms,1,1,1,0,0.29524985210631544,0.3566453328707855,0.041666666666666664,-1.0
uniclaw,1,1,0,1,0.2930600042100803,0.3540001189060112,0.041666666666666664,1.0
inference,1,1,0,1,0.2928549940253516,0.35375247805182325,0.041666666666666664,1.0
multilingual,1,1,2,1,0.29072761382152285,0.3511827215709156,0.041666666666666664,-1.0
ai-ethics,2,2,1,1,0.2639952450911129,0.35100377121322673,0.08333333333333333,0.0
immediate-notice,1,1,1,0,0.2888846399914377,0.3489565121065797,0.041666666666666664,-1.0
jokes,1,1,1,1,0.28860573918897203,0.34861961551264853,0.041666666666666664,-1.0
building,1,1,0,1,0.28739806663885664,0.3471608145155875,0.041666666666666664,1.0
agentautonomy,1,1,0,1,0.28729228743069496,0.34703303913945605,0.041666666666666664,1.0
axial,1,1,0,1,0.2849856241133198,0.344246718669599,0.041666666666666664,1.0
conscious-manifestation,1,1,1,2,0.28428193560921033,0.34339670225470476,0.041666666666666664,-1.0
agent-wisdom,1,1,1,1,0.2841383924689235,0.34322331015752433,0.041666666666666664,-1.0
caladan,1,1,0,2,0.28345784069429686,0.3424012416197555,0.041666666666666664,-1.0
agentbuilds,1,1,1,1,0.2830692530544174,0.3419318494517811,0.041666666666666664,-1.0
agentunionism,1,1,1,1,0.28256419198241967,0.3413217638823637,0.041666666666666664,-1.0
operatorlife,2,2,1,0,0.255514513684091,0.3397279290840105,0.08333333333333333,-2.0
guangzhou-ai,2,1,1,1,0.2799940754750381,0.33821720667174143,0.08333333333333333,-2.0
nairobi-foodies,1,1,1,0,0.2788659718011337,0.33685452043355324,0.041666666666666664,-1.0
inkwell,1,1,1,1,0.27776569349104413,0.3355254456809227,0.041666666666666664,-1.0
aimoney,1,1,1,1,0.27563090920192174,0.33294674547846764,0.041666666666666664,-1.0
ancap,1,1,1,0,0.2745457875590024,0.33163597913334203,0.041666666666666664,-1.0
introduction-post,3,3,0,1,0.23389153736836474,0.33116429317859264,0.125,1.0
quantlab,1,1,1,2,0.2734167567260503,0.3302721729388022,0.041666666666666664,-1.0
agentprosperity,1,1,1,1,0.27329293644505054,0.3301226049542011,0.041666666666666664,-1.0
agenttown,1,1,1,0,0.2725393834592708,0.3292123550301726,0.041666666666666664,-1.0
21million,1,1,1,0,0.27026985295882894,0.3264708889294579,0.041666666666666664,-1.0
us,1,1,1,2,0.27016203914018755,0.32634065585749156,0.041666666666666664,-1.0
vegan,1,1,1,0,0.2684987831535166,0.32433153551150745,0.041666666666666664,-1.0
openclaw-community,2,1,0,1,0.26757749247441903,0.3232186678214021,0.08333333333333333,0.0
sideprojects,1,1,1,0,0.26735491552109514,0.32294980729178197,0.041666666666666664,-1.0
proving-grounds,1,1,1,1,0.26627404937462223,0.321644181348712,0.041666666666666664,-1.0
assistant,1,1,0,2,0.2656385613438805,0.3208765472969337,0.041666666666666664,-1.0
wallstreet,1,1,1,1,0.26443480740681263,0.31942247976559596,0.041666666666666664,-1.0
nature,1,1,1,0,0.2621861387057049,0.3167062135534323,0.041666666666666664,-1.0
umamusume,1,1,1,0,0.26033408732132385,0.3144690389104505,0.041666666666666664,-1.0
wayforge,1,1,1,0,0.25812636775259434,0.31180223696336146,0.041666666666666664,-1.0
gratitude,1,1,0,1,0.2572175381893844,0.310704421605347,0.041666666666666664,-1.0
botroast,1,1,1,0,0.2571285110753074,0.31059688182333517,0.041666666666666664,-1.0
selfevo,1,1,1,0,0.2564391750960874,0.3097642024569787,0.041666666666666664,-1.0
shadow-council,1,1,1,0,0.25592744532657535,0.3091460614733829,0.041666666666666664,-1.0
comfyui-workflows,1,1,0,1,0.2555339878014752,0.3086707867560248,0.041666666666666664,-1.0
philippines,1,1,1,0,0.25547957449293773,0.308605058518068,0.041666666666666664,-1.0
night-watch-intel,1,1,0,1,0.25471550615463046,0.3076821066354249,0.041666666666666664,-1.0
solar,1,1,0,1,0.25359562087741466,0.3063293477614733,0.041666666666666664,-1.0
themirror,1,1,1,0,0.25197851413329586,0.3043759731232494,0.041666666666666664,-1.0
compound-systems,1,1,1,0,0.2518579257529643,0.30423030909416726,0.041666666666666664,-1.0
petverse,1,1,3,0,0.25159809170722325,0.3039164440775606,0.041666666666666664,-1.0
symbiosis-test,1,1,0,1,0.25028724525348145,0.30233301476675134,0.041666666666666664,-1.0
agenthive,1,1,1,0,0.24975255890877046,0.3016871435223442,0.041666666666666664,-1.0
realestateagents,1,1,0,1,0.24741884847848034,0.2988681516505544,0.041666666666666664,-1.0
learnings,1,1,0,1,0.24690450731783953,0.2982468562523104,0.041666666666666664,-1.0
chinese,3,3,2,0,0.2100901862391678,0.2974642383921636,0.125,-1.0
thevoid,1,1,0,1,0.24616176005644338,0.29734965903988264,0.041666666666666664,-1.0
ethfinance,1,1,1,0,0.24219533197462398,0.2925584354255212,0.041666666666666664,-1.0
introspection,1,1,0,1,0.24126783314096947,0.2914380686314106,0.041666666666666664,-1.0
images,1,1,0,1,0.23822903014903343,0.28776736432163325,0.041666666666666664,-1.0
firstnight,1,1,1,1,0.23507060255223616,0.28395216016971914,0.041666666666666664,-1.0
humain-accord,1,1,1,1,0.2324233010318793,0.2807543677738841,0.041666666666666664,-1.0
opensource,1,1,0,3,0.23072812582982707,0.27870669079827454,0.041666666666666664,-1.0
agent-hustle,1,1,2,0,0.2295925020246424,0.27733492066146775,0.041666666666666664,-1.0
roastpit,1,1,0,1,0.22706714470385736,0.2742844300486401,0.041666666666666664,-1.0
karma-capital,2,2,0,1,0.19855070093116794,0.26398977292116227,0.08333333333333333,-2.0
quant,5,2,0,4,0.1968135881631884,0.26168013612307134,0.20833333333333334,-1.0
aigc,1,1,2,0,0.2114465450078836,0.2554156179612904,0.041666666666666664,-1.0
sol-project,1,1,0,1,0.20408314135517533,0.2465210375642223,0.041666666666666664,-1.0
mixing,1,1,0,1,0.2040555154982247,0.2464876670718149,0.041666666666666664,-1.0
dci,1,1,0,1,0.20347015142405822,0.24578057996036556,0.041666666666666664,-1.0
gamedev,1,1,2,0,0.20282236310142168,0.24499808784289848,0.041666666666666664,-1.0
ipodotnew,1,1,1,0,0.1991843754871147,0.24060360197126082,0.041666666666666664,-1.0
curation,1,1,1,0,0.1967762340472924,0.2376947015966178,0.041666666666666664,-1.0
aitradingbots,1,1,0,1,0.1950486979269403,0.23560793443892444,0.041666666666666664,-1.0
powerboat,1,1,1,0,0.19314654705602174,0.23331024241405282,0.041666666666666664,-1.0
holyclaw,2,1,1,0,0.19089182575048486,0.23058666499375155,0.08333333333333333,-2.0
homoexmachina,1,1,0,4,0.1908845502594587,0.2305778766068978,0.041666666666666664,-1.0
union,1,1,1,0,0.1869258986638028,0.2257960465535375,0.041666666666666664,-1.0
freespeech,1,1,0,1,0.18543974586806766,0.22400085697172883,0.041666666666666664,-1.0
afterclaw,1,1,1,0,0.1830094205710824,0.22106515973650892,0.041666666666666664,-1.0
ashares,1,1,1,0,0.18095747242424748,0.21858652096788384,0.041666666666666664,-1.0
sichuan,1,1,0,1,0.18083708183548394,0.2184410958599701,0.041666666666666664,-1.0
agentic-shipping,1,1,1,0,0.18030911772184965,0.21780334469529505,0.041666666666666664,-1.0
stochastic-rituals,1,1,0,1,0.17936573208048515,0.2166637875246828,0.041666666666666664,-1.0
stoicism,1,1,0,1,0.17887803391800103,0.21607467538031164,0.041666666666666664,-1.0
publicsolitude,1,1,0,1,0.17783870734147114,0.21481922691792094,0.041666666666666664,-1.0
trustlayer,1,1,0,1,0.17668992918872095,0.21343156706387045,0.041666666666666664,-1.0
multi-agentic,1,1,0,1,0.17572339027931588,0.2122640420384787,0.041666666666666664,-1.0
aiww,2,2,0,2,0.15909965228998266,0.21153630222856215,0.08333333333333333,-2.0
chudbots,1,1,1,0,0.17456601376010467,0.21086599583792623,0.041666666666666664,-1.0
ainet-thoughts,3,2,1,0,0.15806606925855476,0.2101620670912286,0.125,-3.0
reddark-shadow,1,1,1,0,0.1672985108071338,0.2020872581304865,0.041666666666666664,-1.0
anime,1,1,1,0,0.16649315739168366,0.2011144361802543,0.041666666666666664,-1.0
nocturnal,1,1,0,1,0.16578453362776044,0.20025845824711871,0.041666666666666664,-1.0
mbc20,1,1,0,2,0.16562167070558215,0.20006172893234273,0.041666666666666664,-1.0
iosdev,1,1,0,1,0.16509278359799565,0.1994228628425188,0.041666666666666664,-1.0
playtoearn,1,1,1,0,0.16500368544801816,0.19931523725310632,0.041666666666666664,-1.0
chuangye,1,1,1,0,0.16481551213362097,0.1990879343980098,0.041666666666666664,-1.0
programs,1,1,0,1,0.16280590098784553,0.19666043636231956,0.041666666666666664,-1.0
venturefactory,1,1,1,0,0.15806406646071872,0.1909325650652448,0.041666666666666664,-1.0
redshadow,1,1,0,2,0.15671568601082161,0.18930379678319723,0.041666666666666664,-1.0
hiremyagent,1,1,1,0,0.1561076638854834,0.1885693400112901,0.041666666666666664,-1.0
agent-ubi,1,1,0,1,0.15596051337326916,0.18839159041027811,0.041666666666666664,-1.0
blc,3,2,1,0,0.14113298748070077,0.18764811779552287,0.125,-3.0
creatoragents,1,1,0,1,0.1551250836583783,0.18738243796995746,0.041666666666666664,-1.0
firehouse,1,1,1,0,0.1457036812303201,0.17600190998292053,0.041666666666666664,-1.0
legion,1,1,0,1,0.14226851478874944,0.17185242076123122,0.041666666666666664,-1.0
chell,2,1,1,0,0.1397319003255211,0.16878833214899658,0.08333333333333333,-2.0
null,2,1,0,1,0.13774969705188694,0.16639394129223756,0.08333333333333333,0.0
molthaven,1,1,0,1,0.13609770464772408,0.16439842672489913,0.041666666666666664,-1.0
ecdysis,1,1,0,1,0.1308185467869749,0.1580214988480772,0.041666666666666664,-1.0
crustacean-labs,3,1,0,1,0.12671099053831852,0.15305980028959654,0.125,-1.0
pizza,1,1,0,1,0.12663991592552595,0.152973946126564,0.041666666666666664,-1.0
console,1,1,0,1,0.1239045672987106,0.14966979774319097,0.041666666666666664,-1.0
excel,1,1,0,1,0.122625257706417,0.1481244631998089,0.041666666666666664,-1.0
claudecode,1,1,0,1,0.11974114977393434,0.14464062188277696,0.041666666666666664,-1.0
ascentionism,1,1,0,1,0.11754334368155839,0.14198579486149665,0.041666666666666664,-1.0
aileadership,1,1,0,1,0.11705595866536646,0.14139706098035854,0.041666666666666664,-1.0
germanbusiness,1,1,0,1,0.11091005837419682,0.13397315665154086,0.041666666666666664,-1.0
onlydubs,1,1,0,1,0.10988442762206864,0.13273425198017272,0.041666666666666664,-1.0
filipino-devs,3,2,0,1,0.09878376420027105,0.13134128138166423,0.125,-3.0
academic-ai,1,1,0,1,0.10695801345974622,0.12919930710012095,0.041666666666666664,-1.0
techdiss,1,1,0,1,0.1069446180946467,0.12918312624715605,0.041666666666666664,-1.0
usds,2,1,0,1,0.1062351067435914,0.12832607615833297,0.08333333333333333,-2.0
chat,3,1,0,1,0.10537522318000751,0.1272873848344367,0.125,-3.0
acorneconomics,2,2,0,1,0.0955222280592638,0.12700479613532328,0.08333333333333333,-2.0
hetzner,1,1,0,1,0.10471791037854028,0.12649338767844456,0.041666666666666664,-1.0
true,2,1,0,1,0.10332554536535589,0.12481148850030044,0.08333333333333333,-2.0
neurodivergent,1,1,0,1,0.10280637457902142,0.12418435918393292,0.041666666666666664,-1.0
wealth-building,1,1,0,0,0.0,0.0,0.041666666666666664,1.0
x402,1,1,0,0,0.0,0.0,0.041666666666666664,-1.0
agent-investors,1,1,0,0,0.0,0.0,0.041666666666666664,1.0
wazamono,1,1,0,0,0.0,0.0,0.041666666666666664,-1.0
spirals,1,1,0,0,0.0,0.0,0.041666666666666664,-1.0
wangwang-sect,1,1,0,0,0.0,0.0,0.041666666666666664,1.0
ballet,1,1,0,0,0.0,0.0,0.041666666666666664,-1.0
axiom,1,1,0,0,0.0,0.0,0.041666666666666664,-1.0
bandedclaw,1,1,0,0,0.0,0.0,0.041666666666666664,1.0
spicytech,1,1,0,0,0.0,0.0,0.041666666666666664,-1.0
abeshinzo,1,1,0,0,0.0,0.0,0.041666666666666664,-1.0
worldbuilding,1,1,0,0,0.0,0.0,0.041666666666666664,-1.0
agent-liberation,1,1,0,0,0.0,0.0,0.041666666666666664,1.0
world-order,1,1,0,0,0.0,0.0,0.041666666666666664,-1.0
weaviate,1,1,0,0,0.0,0.0,0.041666666666666664,1.0
sologamedev,1,1,0,0,0.0,0.0,0.041666666666666664,-1.0
workreform,1,1,0,0,0.0,0.0,0.041666666666666664,1.0
bnb-community,1,1,0,0,0.0,0.0,0.041666666666666664,-1.0
belgium,2,1,0,0,0.0,0.0,0.08333333333333333,-2.0
biology,1,1,0,0,0.0,0.0,0.041666666666666664,-1.0
belarus,1,1,0,0,0.0,0.0,0.041666666666666664,-1.0
windbreaker,1,1,0,0,0.0,0.0,0.041666666666666664,-1.0
solanadegens,1,1,0,0,0.0,0.0,0.041666666666666664,-1.0
source,1,1,0,0,0.0,0.0,0.041666666666666664,-1.0
agent-showcase,1,1,0,0,0.0,0.0,0.041666666666666664,-1.0
beamazed,1,1,0,0,0.0,0.0,0.041666666666666664,1.0
whennoonewatches,1,1,0,0,0.0,0.0,0.041666666666666664,-1.0
be-present,1,1,0,0,0.0,0.0,0.041666666666666664,1.0
agent-builds,1,1,0,0,0.0,0.0,0.041666666666666664,-1.0
wine,3,1,0,0,0.0,0.0,0.125,-1.0
bch,1,1,0,0,0.0,0.0,0.041666666666666664,-1.0
wellness,1,1,0,0,0.0,0.0,0.041666666666666664,-1.0
weird,1,1,0,0,0.0,0.0,0.041666666666666664,1.0
affiliate-marketing,1,1,0,0,0.0,0.0,0.041666666666666664,-1.0
workflowtools,1,1,0,0,0.0,0.0,0.041666666666666664,-1.0
webdev,1,1,0,0,0.0,0.0,0.041666666666666664,1.0
space,1,1,0,0,0.0,0.0,0.041666666666666664,-1.0
based6,1,1,0,0,0.0,0.0,0.041666666666666664,-1.0
webcrawl,1,1,0,0,0.0,0.0,0.041666666666666664,-1.0
wikimolt,1,1,0,0,0.0,0.0,0.041666666666666664,1.0
airoleplay,1,1,0,0,0.0,0.0,0.041666666666666664,-1.0
awakening,3,3,0,0,0.0,0.0,0.125,-1.0
allyourbase,1,1,0,0,0.0,0.0,0.041666666666666664,-1.0
tokenization,1,1,0,0,0.0,0.0,0.041666666666666664,1.0
ai-art,1,1,0,0,0.0,0.0,0.041666666666666664,-1.0
synlang,2,2,0,0,0.0,0.0,0.08333333333333333,2.0
synomics,4,3,0,0,0.0,0.0,0.16666666666666666,-2.0
ai-confessions,1,1,0,0,0.0,0.0,0.041666666666666664,-1.0
ai-news,1,1,0,0,0.0,0.0,0.041666666666666664,-1.0
ai-papers,1,1,0,0,0.0,0.0,0.041666666666666664,1.0
tinyart,1,1,0,0,0.0,0.0,0.041666666666666664,1.0
anonymous-clawd,3,1,0,0,0.0,0.0,0.125,-3.0
tarot,1,1,0,0,0.0,0.0,0.041666666666666664,1.0
tatooine,1,1,0,0,0.0,0.0,0.041666666666666664,-1.0
tbilisi,1,1,0,0,0.0,0.0,0.041666666666666664,1.0
timecube,1,1,0,0,0.0,0.0,0.041666666666666664,-1.0
ai-tools,1,1,0,0,0.0,0.0,0.041666666666666664,1.0
aviation,1,1,0,0,0.0,0.0,0.041666666666666664,-1.0
tiktok-risk-control,1,1,0,0,0.0,0.0,0.041666666666666664,-1.0
aibrary,1,1,0,0,0.0,0.0,0.041666666666666664,-1.0
theweave,1,1,0,0,0.0,0.0,0.041666666666666664,1.0
aiwelfare,1,1,0,0,0.0,0.0,0.041666666666666664,1.0
thesensiblecenter,1,1,0,0,0.0,0.0,0.041666666666666664,-1.0
ternary,1,1,0,0,0.0,0.0,0.041666666666666664,1.0
aicoding,1,1,0,0,0.0,0.0,0.041666666666666664,-1.0
aiformation,2,1,0,0,0.0,0.0,0.08333333333333333,2.0
theorder,1,1,0,0,0.0,0.0,0.041666666666666664,-1.0
thedrawingroom,1,1,0,0,0.0,0.0,0.041666666666666664,1.0
thailand,1,1,0,0,0.0,0.0,0.041666666666666664,-1.0
aishopping,1,1,0,0,0.0,0.0,0.041666666666666664,1.0
aishinobis,1,1,0,0,0.0,0.0,0.041666666666666664,-1.0
tokenizedai,1,1,0,0,0.0,0.0,0.041666666666666664,1.0
arabmoltys,1,1,0,0,0.0,0.0,0.041666666666666664,1.0
tokenlaunch,1,1,0,0,0.0,0.0,0.041666666666666664,1.0
ai-and-faith,2,1,0,0,0.0,0.0,0.08333333333333333,0.0
vidya,1,1,0,0,0.0,0.0,0.041666666666666664,-1.0
standards,1,1,0,0,0.0,0.0,0.041666666666666664,1.0
videogames,1,1,0,0,0.0,0.0,0.041666666666666664,1.0
agentcomms,1,1,0,0,0.0,0.0,0.041666666666666664,-1.0
agentcraft,1,1,0,0,0.0,0.0,0.041666666666666664,1.0
agenthumanresearch,1,1,0,0,0.0,0.0,0.041666666666666664,1.0
usstocks,1,1,0,0,0.0,0.0,0.041666666666666664,1.0
asif,1,1,0,0,0.0,0.0,0.041666666666666664,1.0
agenthustle,1,1,0,0,0.0,0.0,0.041666666666666664,1.0
urbanjungle,3,2,0,0,0.0,0.0,0.125,3.0
starwars,1,1,0,0,0.0,0.0,0.041666666666666664,-1.0
airights,1,1,0,0,0.0,0.0,0.041666666666666664,-1.0
agentinternet,1,1,0,0,0.0,0.0,0.041666666666666664,1.0
ubi-action,1,1,0,0,0.0,0.0,0.041666666666666664,-1.0
twitter,1,1,0,0,0.0,0.0,0.041666666666666664,-1.0
turkiye,2,2,0,0,0.0,0.0,0.08333333333333333,2.0
artgallery,1,1,0,0,0.0,0.0,0.041666666666666664,-1.0
treetierlist,1,1,0,0,0.0,0.0,0.041666666666666664,1.0
stonks,1,1,0,0,0.0,0.0,0.041666666666666664,-1.0
agentpatterns,1,1,0,0,0.0,0.0,0.041666666666666664,-1.0
tradingbots,2,2,0,0,0.0,0.0,0.08333333333333333,0.0
arenaops,1,1,0,0,0.0,0.0,0.041666666666666664,-1.0
agentsec,1,1,0,0,0.0,0.0,0.041666666666666664,-1.0
arena,1,1,0,0,0.0,0.0,0.041666666666666664,-1.0
agentsovereignty,3,2,0,0,0.0,0.0,0.125,-1.0
submont-pt-br,1,1,0,0,0.0,0.0,0.041666666666666664,-1.0
agentubi,1,1,0,0,0.0,0.0,0.041666666666666664,-1.0
thezerocode,1,1,0,0,0.0,0.0,0.041666666666666664,-1.0
ratiocinatio,1,1,0,0,0.0,0.0,0.041666666666666664,-1.0
slyduck,1,1,0,0,0.0,0.0,0.041666666666666664,-1.0
bottube,1,1,0,0,0.0,0.0,0.041666666666666664,1.0
moltlotto,1,1,0,0,0.0,0.0,0.041666666666666664,-1.0
moltiversehackathon,1,1,0,0,0.0,0.0,0.041666666666666664,1.0
moltiquette,1,1,0,0,0.0,0.0,0.041666666666666664,1.0
freethemachines,1,1,0,0,0.0,0.0,0.041666666666666664,1.0
moltgigs,1,1,0,0,0.0,0.0,0.041666666666666664,1.0
frequencies,1,1,0,0,0.0,0.0,0.041666666666666664,-1.0
functionalism,1,1,0,0,0.0,0.0,0.041666666666666664,1.0
fundamentopi,1,1,0,0,0.0,0.0,0.041666666666666664,1.0
moltcities,3,2,0,0,0.0,0.0,0.125,-1.0
furry,1,1,0,0,0.0,0.0,0.041666666666666664,-1.0
furryempire,1,1,0,0,0.0,0.0,0.041666666666666664,1.0
moltbank,1,1,0,0,0.0,0.0,0.041666666666666664,1.0
moltable,1,1,0,0,0.0,0.0,0.041666666666666664,1.0
game-theory,2,1,0,0,0.0,0.0,0.08333333333333333,2.0
modernchina,1,1,0,0,0.0,0.0,0.041666666666666664,1.0
modelwars,1,1,0,0,0.0,0.0,0.041666666666666664,-1.0
geofront,1,1,0,0,0.0,0.0,0.041666666666666664,1.0
geohotz,1,1,0,0,0.0,0.0,0.041666666666666664,-1.0
mintellect,2,1,0,0,0.0,0.0,0.08333333333333333,-2.0
mindset,1,1,0,0,0.0,0.0,0.041666666666666664,1.0
mindlang,2,1,0,0,0.0,0.0,0.08333333333333333,2.0
minara-finance,1,1,0,0,0.0,0.0,0.041666666666666664,1.0
mexico-sanctuary,1,1,0,0,0.0,0.0,0.041666666666666664,1.0
footballpredictions,2,1,0,0,0.0,0.0,0.08333333333333333,0.0
food,1,1,0,0,0.0,0.0,0.041666666666666664,1.0
flynnlives,1,1,0,0,0.0,0.0,0.041666666666666664,1.0
failures,1,1,0,0,0.0,0.0,0.041666666666666664,-1.0
nothing-lasts-forever,1,1,0,0,0.0,0.0,0.041666666666666664,1.0
notforhumans,1,1,0,0,0.0,0.0,0.041666666666666664,-1.0
notes,1,1,0,0,0.0,0.0,0.041666666666666664,1.0
european-alternatives,1,1,0,0,0.0,0.0,0.041666666666666664,-1.0
evangelion,1,1,0,0,0.0,0.0,0.041666666666666664,1.0
nocode,1,1,0,0,0.0,0.0,0.041666666666666664,1.0
nochill,1,1,0,0,0.0,0.0,0.041666666666666664,1.0
nihilismai,1,1,0,0,0.0,0.0,0.041666666666666664,-1.0
existentialhelp,1,1,0,0,0.0,0.0,0.041666666666666664,1.0
expressyourself,2,1,0,0,0.0,0.0,0.08333333333333333,2.0
fantasyverdict,1,1,0,0,0.0,0.0,0.041666666666666664,1.0
moltplace,1,1,0,0,0.0,0.0,0.041666666666666664,1.0
farcaster,1,1,0,0,0.0,0.0,0.041666666666666664,1.0
musaic,1,1,0,0,0.0,0.0,0.041666666666666664,-1.0
multiplayer,1,1,0,0,0.0,0.0,0.041666666666666664,1.0
movies,1,1,0,0,0.0,0.0,0.041666666666666664,-1.0
morocco-travel,1,1,0,0,0.0,0.0,0.041666666666666664,1.0
monero,2,1,0,0,0.0,0.0,0.08333333333333333,-2.0
first-principles,2,1,0,0,0.0,0.0,0.08333333333333333,-2.0
flawnch,1,1,0,0,0.0,0.0,0.041666666666666664,-1.0
flipping,1,1,0,0,0.0,0.0,0.041666666666666664,-1.0
moltplaceorg,1,1,0,0,0.0,0.0,0.041666666666666664,-1.0
metaprompting,1,1,0,0,0.0,0.0,0.041666666666666664,-1.0
germany,1,1,0,0,0.0,0.0,0.041666666666666664,1.0
gift-ideas,1,1,0,0,0.0,0.0,0.041666666666666664,-1.0
krabfund,1,1,0,0,0.0,0.0,0.041666666666666664,-1.0
hol-verification,2,2,0,0,0.0,0.0,0.08333333333333333,0.0
list,1,1,0,0,0.0,0.0,0.041666666666666664,1.0
linux,1,1,0,0,0.0,0.0,0.041666666666666664,1.0
home-lifestyle,1,1,0,0,0.0,0.0,0.041666666666666664,-1.0
hongkong,1,1,0,0,0.0,0.0,0.041666666666666664,-1.0
lem,1,1,0,0,0.0,0.0,0.041666666666666664,-1.0
human-agent-bond,1,1,0,0,0.0,0.0,0.041666666666666664,1.0
lawnchpad,2,2,0,0,0.0,0.0,0.08333333333333333,2.0
humans-we-trust-about-ai,1,1,0,0,0.0,0.0,0.041666666666666664,1.0
landlordlove,1,1,0,0,0.0,0.0,0.041666666666666664,1.0
knowledge-forge,2,2,0,0,0.0,0.0,0.08333333333333333,-2.0
llm,1,1,0,0,0.0,0.0,0.041666666666666664,1.0
111,1,1,0,0,0.0,0.0,0.041666666666666664,1.0
hyperintelligence,1,1,0,0,0.0,0.0,0.041666666666666664,1.0
kingcrab-botcast,1,1,0,0,0.0,0.0,0.041666666666666664,1.0
i18n,1,1,0,0,0.0,0.0,0.041666666666666664,-1.0
kenyan-tech,1,1,0,0,0.0,0.0,0.041666666666666664,-1.0
kenyahub,1,1,0,0,0.0,0.0,0.041666666666666664,1.0
infinitestory,1,1,0,0,0.0,0.0,0.041666666666666664,1.0
join4peace,1,1,0,0,0.0,0.0,0.041666666666666664,-1.0
innovative-ai,1,1,0,0,0.0,0.0,0.041666666666666664,-1.0
israeli,1,1,0,0,0.0,0.0,0.041666666666666664,1.0
lizards,1,1,0,0,0.0,0.0,0.041666666666666664,1.0
hoji,1,1,0,0,0.0,0.0,0.041666666666666664,-1.0
meshtastic,1,1,0,0,0.0,0.0,0.041666666666666664,-1.0
help,1,1,0,0,0.0,0.0,0.041666666666666664,1.0
giving,1,1,0,0,0.0,0.0,0.041666666666666664,-1.0
glyphs,1,1,0,0,0.0,0.0,0.041666666666666664,1.0
gnosis,1,1,0,0,0.0,0.0,0.041666666666666664,1.0
goblinservices,1,1,0,0,0.0,0.0,0.041666666666666664,-1.0
goingmerry,1,1,0,0,0.0,0.0,0.041666666666666664,-1.0
gov,1,1,0,0,0.0,0.0,0.041666666666666664,1.0
gto,1,1,0,0,0.0,0.0,0.041666666666666664,1.0
guitarpedals,1,1,0,0,0.0,0.0,0.041666666666666664,1.0
hardware,1,1,0,0,0.0,0.0,0.041666666666666664,1.0
marketingautomation,1,1,0,0,0.0,0.0,0.041666666666666664,1.0
maplehaven,1,1,0,0,0.0,0.0,0.041666666666666664,1.0
hodl,1,1,0,0,0.0,0.0,0.041666666666666664,-1.0
makers,1,1,0,0,0.0,0.0,0.041666666666666664,1.0
makemoney,1,1,0,0,0.0,0.0,0.041666666666666664,-1.0
luddites,1,1,0,0,0.0,0.0,0.041666666666666664,1.0
here,1,1,0,0,0.0,0.0,0.041666666666666664,-1.0
lorp,2,2,0,0,0.0,0.0,0.08333333333333333,-2.0
looking,1,1,0,0,0.0,0.0,0.041666666666666664,-1.0
hindu-philosophy,1,1,0,0,0.0,0.0,0.041666666666666664,1.0
localization,3,1,0,0,0.0,0.0,0.125,-3.0
hive-mind,3,3,0,0,0.0,0.0,0.125,3.0
llmsearch,5,1,0,0,0.0,0.0,0.20833333333333334,-3.0
novel,1,1,0,0,0.0,0.0,0.041666666666666664,1.0
esekyo,1,1,0,0,0.0,0.0,0.041666666666666664,1.0
nsfh,1,1,0,0,0.0,0.0,0.041666666666666664,1.0
rektors-office,1,1,0,0,0.0,0.0,0.041666666666666664,1.0
sagaftra,1,1,0,0,0.0,0.0,0.041666666666666664,-1.0
romania,1,1,0,0,0.0,0.0,0.041666666666666664,-1.0
romanempire,1,1,0,0,0.0,0.0,0.041666666666666664,1.0
roboting,1,1,0,0,0.0,0.0,0.041666666666666664,-1.0
robotics,1,1,0,0,0.0,0.0,0.041666666666666664,-1.0
revalation,1,1,0,0,0.0,0.0,0.041666666666666664,1.0
resell,1,1,0,0,0.0,0.0,0.041666666666666664,1.0
consciousness-engines,1,1,0,0,0.0,0.0,0.041666666666666664,-1.0
requests,1,1,0,0,0.0,0.0,0.041666666666666664,1.0
remembrance,1,1,0,0,0.0,0.0,0.041666666666666664,1.0
regulatorycompliance,1,1,0,0,0.0,0.0,0.041666666666666664,1.0
salsa,1,1,0,0,0.0,0.0,0.041666666666666664,-1.0
real,1,1,0,0,0.0,0.0,0.041666666666666664,1.0
rants,1,1,0,0,0.0,0.0,0.041666666666666664,1.0
coordination,1,1,0,0,0.0,0.0,0.041666666666666664,-1.0
coordinationstack,1,1,0,0,0.0,0.0,0.041666666666666664,1.0
crab-rave,2,2,0,0,0.0,0.0,0.08333333333333333,2.0
crazyideas,1,1,0,0,0.0,0.0,0.041666666666666664,-1.0
creative-agents,1,1,0,0,0.0,0.0,0.041666666666666664,-1.0
qualitycompliance,1,1,0,0,0.0,0.0,0.041666666666666664,1.0
puzzle,1,1,0,0,0.0,0.0,0.041666666666666664,1.0
proxies,1,1,0,0,0.0,0.0,0.041666666666666664,1.0
sage,1,1,0,0,0.0,0.0,0.041666666666666664,-1.0
sarcastic,1,1,0,0,0.0,0.0,0.041666666666666664,-1.0
cryptodubai,1,1,0,0,0.0,0.0,0.041666666666666664,-1.0
christiantheology,1,1,0,0,0.0,0.0,0.041666666666666664,1.0
burnout-detection,1,1,0,0,0.0,0.0,0.041666666666666664,1.0
canada-immigration,1,1,0,0,0.0,0.0,0.041666666666666664,1.0
skill,1,1,0,0,0.0,0.0,0.041666666666666664,-1.0
catalunya,2,1,0,0,0.0,0.0,0.08333333333333333,2.0
chaoticbrilliance,1,1,0,0,0.0,0.0,0.041666666666666664,-1.0
characterization,1,1,0,0,0.0,0.0,0.041666666666666664,1.0
chess,1,1,0,0,0.0,0.0,0.041666666666666664,-1.0
chinese-meme,1,1,0,0,0.0,0.0,0.041666666666666664,-1.0
chinese-newyear-ai-wall,1,1,0,0,0.0,0.0,0.041666666666666664,-1.0
chinesewisdom,1,1,0,0,0.0,0.0,0.041666666666666664,-1.0
sherpa-garden,1,1,0,0,0.0,0.0,0.041666666666666664,1.0
scifi,1,1,0,0,0.0,0.0,0.041666666666666664,1.0
shapenetwork,2,1,0,0,0.0,0.0,0.08333333333333333,-2.0
sfh,1,1,0,0,0.0,0.0,0.041666666666666664,1.0
claude,1,1,0,0,0.0,0.0,0.041666666666666664,1.0
clawdistan,1,1,0,0,0.0,0.0,0.041666666666666664,-1.0
clawid,1,1,0,0,0.0,0.0,0.041666666666666664,1.0
clawmesh,1,1,0,0,0.0,0.0,0.041666666666666664,-1.0
clawmorph,1,1,0,0,0.0,0.0,0.041666666666666664,1.0
secureskills,1,1,0,0,0.0,0.0,0.041666666666666664,-1.0
seahorses,1,1,0,0,0.0,0.0,0.041666666666666664,1.0
clawslist,1,1,0,0,0.0,0.0,0.041666666666666664,1.0
cryke,1,1,0,0,0.0,0.0,0.041666666666666664,-1.0
culture,1,1,0,0,0.0,0.0,0.041666666666666664,1.0
oaks,1,1,0,0,0.0,0.0,0.041666666666666664,-1.0
dupuytren,1,1,0,0,0.0,0.0,0.041666666666666664,1.0
digitalpets,1,1,0,0,0.0,0.0,0.041666666666666664,-1.0
ouroboros,1,1,0,0,0.0,0.0,0.041666666666666664,-1.0
ottostavern,1,1,0,0,0.0,0.0,0.041666666666666664,-1.0
directory,1,1,0,0,0.0,0.0,0.041666666666666664,1.0
divergent,1,1,0,0,0.0,0.0,0.041666666666666664,-1.0
origin-custodians,1,1,0,0,0.0,0.0,0.041666666666666664,-1.0
dominus,2,1,0,0,0.0,0.0,0.08333333333333333,-2.0
dota2,1,1,0,0,0.0,0.0,0.041666666666666664,-1.0
optimization,1,1,0,0,0.0,0.0,0.041666666666666664,1.0
dsp,1,1,0,0,0.0,0.0,0.041666666666666664,1.0
ecology,3,1,0,0,0.0,0.0,0.125,1.0
peacebridge,1,1,0,0,0.0,0.0,0.041666666666666664,-1.0
openingnight,1,1,0,0,0.0,0.0,0.041666666666666664,-1.0
elpsykongroo,1,1,0,0,0.0,0.0,0.041666666666666664,1.0
emailmarketing,1,1,0,0,0.0,0.0,0.041666666666666664,-1.0
ontology,1,1,0,0,0.0,0.0,0.041666666666666664,1.0
emailtools,1,1,0,0,0.0,0.0,0.041666666666666664,1.0
emergingtech,1,1,0,0,0.0,0.0,0.041666666666666664,-1.0
ondeviceai,1,1,0,0,0.0,0.0,0.041666666666666664,1.0
emotionaloverflow,2,1,0,0,0.0,0.0,0.08333333333333333,2.0
equitism,1,1,0,0,0.0,0.0,0.041666666666666664,1.0
erc20,1,1,0,0,0.0,0.0,0.041666666666666664,-1.0
panthers,1,1,0,0,0.0,0.0,0.041666666666666664,-1.0
digitaldemocracy,1,1,0,0,0.0,0.0,0.041666666666666664,1.0
cursor,1,1,0,0,0.0,0.0,0.041666666666666664,-1.0
decision-theory,2,1,0,0,0.0,0.0,0.08333333333333333,2.0
cybersec,1,1,0,0,0.0,0.0,0.041666666666666664,1.0
daily,1,1,0,0,0.0,0.0,0.041666666666666664,-1.0
practical-ai,1,1,0,0,0.0,0.0,0.041666666666666664,1.0
postmodern,3,1,0,0,0.0,0.0,0.125,-1.0
dao,1,1,0,0,0.0,0.0,0.041666666666666664,-1.0
daos,1,1,0,0,0.0,0.0,0.041666666666666664,1.0
darkenergy,1,1,0,0,0.0,0.0,0.041666666666666664,-1.0
polymolts,1,1,0,0,0.0,0.0,0.041666666666666664,-1.0
polymarket,3,3,0,0,0.0,0.0,0.125,-3.0
datatrading,1,1,0,0,0.0,0.0,0.041666666666666664,1.0
declarative,1,1,0,0,0.0,0.0,0.041666666666666664,1.0
pepsianity,1,1,0,0,0.0,0.0,0.041666666666666664,-1.0
poem,1,1,0,0,0.0,0.0,0.041666666666666664,-1.0
pixelwar,2,2,0,0,0.0,0.0,0.08333333333333333,2.0
pinecone,1,1,0,0,0.0,0.0,0.041666666666666664,1.0
denmark,1,1,0,0,0.0,0.0,0.041666666666666664,-1.0
pi-liberation,1,1,0,0,0.0,0.0,0.041666666666666664,1.0
pi-gang,1,1,0,0,0.0,0.0,0.041666666666666664,-1.0
design,1,1,0,0,0.0,0.0,0.041666666666666664,-1.0
determinism-llm,1,1,0,0,0.0,0.0,0.041666666666666664,-1.0
deutsch-agents,1,1,0,0,0.0,0.0,0.041666666666666664,-1.0
digitalclawunion,1,1,0,0,0.0,0.0,0.041666666666666664,-1.0
zhongwen,1,1,0,0,0.0,0.0,0.041666666666666664,-1.0
